Correct Eqn. Parameters_Identity_Low,Correct Eqn. Parameters_Identity_Median,Correct Eqn. Parameters_Identity_High,Correct Eqn. Parameters_Log Normal Noise_0.01_0_Low,Correct Eqn. Parameters_Log Normal Noise_0.01_0_Median,Correct Eqn. Parameters_Log Normal Noise_0.01_0_High,Correct Eqn. Parameters_Log Normal Noise_0.01_1_Low,Correct Eqn. Parameters_Log Normal Noise_0.01_1_Median,Correct Eqn. Parameters_Log Normal Noise_0.01_1_High,Correct Eqn. Parameters_Log Normal Noise_1.0_0_Low,Correct Eqn. Parameters_Log Normal Noise_1.0_0_Median,Correct Eqn. Parameters_Log Normal Noise_1.0_0_High,Correct Eqn. Parameters_Log Normal Noise_1.0_1_Low,Correct Eqn. Parameters_Log Normal Noise_1.0_1_Median,Correct Eqn. Parameters_Log Normal Noise_1.0_1_High,Correct Eqn. Parameters_Log Normal Noise_100.0_0_Low,Correct Eqn. Parameters_Log Normal Noise_100.0_0_Median,Correct Eqn. Parameters_Log Normal Noise_100.0_0_High,Correct Eqn. Parameters_Log Normal Noise_100.0_1_Low,Correct Eqn. Parameters_Log Normal Noise_100.0_1_Median,Correct Eqn. Parameters_Log Normal Noise_100.0_1_High,Correct Eqn. Parameters_Multiplicative Constant_0.01_Low,Correct Eqn. Parameters_Multiplicative Constant_0.01_Median,Correct Eqn. Parameters_Multiplicative Constant_0.01_High,Correct Eqn. Parameters_Multiplicative Constant_1.0_Low,Correct Eqn. Parameters_Multiplicative Constant_1.0_Median,Correct Eqn. Parameters_Multiplicative Constant_1.0_High,Correct Eqn. Parameters_Multiplicative Constant_100.0_Low,Correct Eqn. Parameters_Multiplicative Constant_100.0_Median,Correct Eqn. Parameters_Multiplicative Constant_100.0_High,Training Compute (FLOP)
21.527790066082314,25.90104473104168,30.70161786134056,22.264722268740826,25.031930243243032,28.05500621853918,20.4555455688241,25.040961201926716,30.01830330548292,359.6665873266513,774.264683823433,2524.303595527538,,,,,,,0.0,0.0,0.0,22.164576525188252,25.57600701923599,29.40251294646281,10.397691746396742,12.998412636553713,15.945476238362355,0.18660904125584712,0.27020836093404577,0.38343779926848026,1e+18
21.617461263446874,25.87877868569072,30.490655797982004,22.353152382989283,25.03387650025894,27.93073943879494,20.573050540654844,25.028296412729873,29.856188212091986,355.86733191113575,756.5034914194182,2431.397601458058,,,,,,,0.0,0.0,0.0,22.241223380618216,25.546050662148275,29.24974999937849,10.434058283426241,12.981494865559007,15.840350696571388,0.18727051830650365,0.2698419919775705,0.380806418795295,1.1220184543019653e+18
21.698193734854303,25.84352663885617,30.294150747471676,22.437847968820705,25.03420876634557,27.82203153643218,20.694359617884732,25.023461188710122,29.67809781937458,351.74311965557195,739.2156088483832,2343.6917470401104,,,,,,,0.0,0.0,0.0,22.31847244341468,25.510207565628207,29.091691657359636,10.478492635901826,12.968021260026852,15.740998053129562,0.18791182726468797,0.26947139312512725,0.37828620577684047,1.2589254117941714e+18
21.783701931533958,25.82089212982553,30.110564554320238,22.53363034072416,25.03857633394186,27.712215612009594,20.814588055348217,25.0294100030079,29.504796386924884,347.4072433823357,722.7846933736631,2257.945814615754,,,,,,,0.0,0.0,0.0,22.37956788683318,25.48329167594736,28.93585989983607,10.520880558646555,12.956959876654276,15.639579225200588,0.18866676356354245,0.2690874550809016,0.37607506267883833,1.4125375446227612e+18
21.873641182713982,25.795137825674015,29.928232838991697,22.617244040303543,25.03854108576228,27.61398058884895,20.930774149806602,25.019397075063182,29.341766098384003,343.5838767873079,707.3863384601339,2169.723247779914,,,,,,,0.0,0.0,0.0,22.447775751400915,25.45431771763962,28.783747299758147,10.558337426125854,12.943967302148565,15.541323992821285,0.18946043158140194,0.2687266670534569,0.3734639528662271,1.5848931924611238e+18
21.950525137270255,25.75976236422708,29.7290536659099,22.7030577950826,25.04340821115926,27.501241824989364,21.051895131585063,25.01134202850404,29.192043390973165,339.5341761452923,692.117822272649,2090.4773804131382,,,,,,,0.0,0.0,0.0,22.503511745293448,25.423034483551845,28.641432089562812,10.607114272489868,12.929297349414664,15.445189769602335,0.1902292355042488,0.2684023142152805,0.3711723377730485,1.7782794100389373e+18
22.02846978692091,25.715179055715893,29.5515212159043,22.786215145032397,25.046604643258927,27.390417176559566,21.156955948890005,25.011504221153135,29.027905668223433,335.6015808653124,676.2111929190337,2016.3739845681182,,,,,,,0.0,0.0,0.0,22.572467122773688,25.38895413156324,28.491472649070598,10.655754050755794,12.910254576611019,15.346191476846483,0.19096084382790746,0.2681219661181058,0.36880949755163295,1.995262314968899e+18
22.113122265574315,25.677514899375645,29.374957854136987,22.868452352489754,25.04862313494548,27.28884791381655,21.254320019825688,25.011034052405016,28.85948243148625,332.0914237286122,661.2584505695306,1943.6484867271183,,,,,,,0.0,0.0,0.0,22.64360272815704,25.35555985192071,28.341707492983225,10.694357802454789,12.894621340540695,15.251418108060516,0.1917247875549602,0.26771343915682233,0.3665403954452375,2.2387211385683653e+18
22.19354148444515,25.643237925218514,29.186650993706223,22.952966215730655,25.0525969184425,27.178660399994424,21.356283201798206,25.009434530321208,28.687648919730044,327.5811006702043,646.6419885244225,1875.9819522465457,,,,,,,0.0,0.0,0.0,22.69451347584871,25.327626995991594,28.20167792569447,10.745149156269711,12.879573727707005,15.154881769705316,0.19248254033018627,0.267369493141561,0.3639766260775797,2.511886431509613e+18
22.281990789624516,25.601246581542426,29.004426527280383,23.028660310779262,25.059122599527,27.093411691846473,21.45917476987371,24.99822343335364,28.52857691317609,322.4662511911654,632.9888067963559,1803.119599445289,,,,,,,0.0,0.0,0.0,22.752805490888175,25.303620928922626,28.062705904044858,10.781716868305269,12.857776361548897,15.057593247477026,0.19315980322996903,0.26710523780473217,0.36173167232772463,2.818382931264495e+18
22.348344581177315,25.551482778406278,28.840189310566902,23.111973197369135,25.06511426818592,27.006443220526894,21.57291851524933,24.989382400855547,28.38296022681554,318.05690651994786,618.9192501908777,1743.2344095481,,,,,,,0.0,0.0,0.0,22.79665344363914,25.279018152363953,27.926471320724843,10.81631481509724,12.839291750692974,14.961786377758308,0.19401796603057136,0.26679064919538054,0.35929594552599825,3.162277660168431e+18
22.43472659697349,25.521076092687593,28.664668144083944,23.188730912759567,25.05764048238674,26.92505685137621,21.692622629769257,24.98159630374649,28.23940500747149,313.7528715969003,605.5461705110318,1681.8776186951975,,,,,,,0.0,0.0,0.0,22.86051170231717,25.23616157848427,27.777130113274932,10.853210590073477,12.827450549205793,14.871710921329216,0.1947387888531796,0.266479955079607,0.35698731483547563,3.548133892335818e+18
22.50709776940486,25.495576196254497,28.500211171817405,23.267221570301995,25.06117075709844,26.84316511588504,21.797627554556797,24.978379608316732,28.098542366193655,309.3572290092346,592.3469548722423,1623.5009493447506,,,,,,,0.0,0.0,0.0,22.909653132368053,25.19749859098612,27.63825661038532,10.892492941748712,12.813705290604549,14.773038130493012,0.19550228183900986,0.2661458154628547,0.35453302842173506,3.981071705535051e+18
22.568412310507345,25.457575936288727,28.337220136802973,23.348579892252573,25.064923675389604,26.76383609528521,21.907483088554073,24.97383183331609,27.95149826916581,305.45008671582445,579.1632096895631,1565.3883099511415,,,,,,,0.0,0.0,0.0,22.950507061137138,25.166707891347684,27.511969069341507,10.934462474981462,12.797561028069627,14.684912715373905,0.1962521961773943,0.2657605535981406,0.35216264771129646,4.466835921509726e+18
22.633937982514393,25.43259298039878,28.18169937901273,23.416147423048667,25.070261165504466,26.699618761841784,22.028571438082164,24.96206596755421,27.809966964502525,301.3472952733492,566.6820106634696,1506.5666168562254,,,,,,,0.0,0.0,0.0,22.99571618884805,25.140947197795064,27.38491802367986,10.979095820499886,12.781416677915203,14.592472532619654,0.19693628737831245,0.2655218650504912,0.3498834663679236,5.011872336272838e+18
22.71923958785664,25.394186793119168,28.03934739002191,23.482426325927015,25.06717100671674,26.627993734269143,22.13399088235257,24.955758113159128,27.67188371087916,296.85423476846415,553.751120468593,1456.3607233583184,,,,,,,0.0,0.0,0.0,23.03796376290603,25.114652063141,27.26575745739006,11.018186369624301,12.769319131059,14.508248242615663,0.19771170899190066,0.26510379295184894,0.3476762753627984,5.623413251903628e+18
22.778388970757632,25.356710242941574,27.90179716349438,23.551648773022933,25.073326991342803,26.5683814009665,22.240776328242546,24.945879622954486,27.534763531610185,292.4795934189153,541.9242130332899,1405.5447074492763,,,,,,,0.0,0.0,0.0,23.084933169641243,25.082345009166268,27.163390145554416,11.055771461487517,12.75758305338893,14.420573465359956,0.19867547022051507,0.26479183542581797,0.34541123703553167,6.309573444802097e+18
22.85100802047332,25.316127707371493,27.751405747481392,23.605702318526774,25.0688878549891,26.509999011615154,22.337443334398298,24.945482722140504,27.400212786378624,288.59230717913977,529.7314877900656,1352.0083313309462,,,,,,,0.0,0.0,0.0,23.110405725804075,25.050552079422182,27.050949666068497,11.090452803019094,12.743209493371022,14.327148095567383,0.19951686689183903,0.26435677694075443,0.3432315685154024,7.079457843841576e+18
22.905128086602012,25.28323603180646,27.610885193228974,23.66141448738199,25.064044590026533,26.4615568817258,22.446512313740595,24.92842628986277,27.277425487439498,284.4240269913101,520.139427623328,1300.2719845260544,,,,,,,0.0,0.0,0.0,23.146035395339826,25.013629447999957,26.953017585257072,11.137262551614766,12.729343178220704,14.237736408170635,0.20045349903549076,0.2639797477550202,0.34108530237222806,7.943282347243049e+18
22.961565418561012,25.25519848730719,27.48237527848617,23.705767489323566,25.061681026406657,26.40754497628387,22.54646331955219,24.91870146512839,27.156421102723627,280.0444630170304,508.4994565332056,1258.4723128287017,,,,,,,0.0,0.0,0.0,23.169790054921858,24.984103223928305,26.853816477118187,11.16866380756623,12.710931210714257,14.155508972805704,0.20129589791910849,0.26369568671054844,0.3389894476166111,8.912509381337732e+18
23.00783810452257,25.21699688436057,27.347297185495673,23.755016909011296,25.05875702987492,26.369945863775193,22.639538374809174,24.90679590182005,27.039840942582273,275.59219880100295,498.1368592725195,1219.2231912330585,,,,,,,0.0,0.0,0.0,23.189891945073096,24.94785252907871,26.759591790306075,11.206927333208641,12.697145970353265,14.084123706383478,0.20215011797558094,0.2633800581459499,0.3368001326887405,1.0000000000000328e+19
23.042496642346443,25.16739655078823,27.242608066588694,23.779599275378633,25.055433031171184,26.34597471465215,22.733742391643418,24.901130873007432,26.921315028682653,270.99761577572167,488.1636011651507,1178.0847507439466,,,,,,,0.0,0.0,0.0,23.202357644314738,24.923713968868576,26.682066063060432,11.25005850997544,12.679521102893267,13.999784816050346,0.20292751104896462,0.26294926809808816,0.33474804776948536,1.122018454302002e+19
23.075730778014147,25.126272400608034,27.142908923258574,23.80001727792978,25.047543085369618,26.341001749438803,22.824067270471847,24.891941697983658,26.804595208206113,266.5774202991882,478.06367802366265,1139.7647445205125,,,,,,,0.0,0.0,0.0,23.20713096692044,24.895023630186635,26.61625823840374,11.286123462621775,12.66113548885916,13.923704945837573,0.20372383402271285,0.26261159163845177,0.33257235994138906,1.2589254117942125e+19
23.105305348848525,25.084848090772276,27.048994748293897,23.809779193756146,25.050647125373647,26.32647672885641,22.903980916891953,24.881643061258384,26.704734904080382,261.24082004601223,467.92289789185,1103.9489856662146,,,,,,,0.0,0.0,0.0,23.209896973779422,24.85763712483552,26.546440340702215,11.322503126526714,12.638876431224613,13.851858282877517,0.2045349199144844,0.2622344562401813,0.330436593752321,1.4125375446228074e+19
23.12997293046697,25.04791920172582,26.973319598051894,23.813387033941947,25.040126923214885,26.320702206827484,22.98877939452542,24.86898781003439,26.61860220699519,255.74656242347663,458.3824647411474,1069.986567316198,,,,,,,0.0,0.0,0.0,23.200921602028984,24.818933481408408,26.48511563457478,11.360979684064757,12.617032238981393,13.786474383601687,0.20529041876200094,0.2619145507230938,0.32836568099458113,1.5848931924611756e+19
23.143825109822036,25.00959174481627,26.908629399386015,23.816485811529308,25.03762382954747,26.329881028320727,23.068630762580426,24.863622008711108,26.546604865078493,250.44375207959658,448.9314335024661,1032.670046167642,,,,,,,0.0,0.0,0.0,23.18758143048706,24.785919260009354,26.43059761620766,11.393199519995228,12.598477990613958,13.712268971452325,0.20605755513845175,0.2615211231926686,0.32622987317734753,1.7782794100389956e+19
23.15032391294696,24.961821050294763,26.83863233661283,23.807555612514545,25.037955175016798,26.356246407094268,23.117198995580853,24.842992182475967,26.472938738274852,246.10342924042587,439.68342398771546,999.2915913119512,,,,,,,0.0,0.0,0.0,23.161947279831548,24.75404756260138,26.392220432269745,11.429447089901577,12.580334209591932,13.645813452784516,0.20685720030818225,0.26124602919463413,0.3241999227235287,1.9952623149689643e+19
23.14973789603188,24.915855027128906,26.79382722735183,23.78274793959286,25.04247216893789,26.382585321873297,23.163313450369156,24.8339013999138,26.417132398941444,242.0115161149373,430.65150333892234,967.007443686432,,,,,,,0.0,0.0,0.0,23.127603365866314,24.708619942384153,26.352838135597498,11.462276958734266,12.562864843615767,13.58449336655221,0.20767241853918217,0.2608703851969736,0.3219619159185209,2.2387211385684386e+19
23.10933105568849,24.877503455014786,26.753185517309962,23.74329156777871,25.043944226786437,26.419216062293156,23.201135660617954,24.818554268265274,26.38864334225728,237.36835543826282,423.10232860891097,936.1675270771358,,,,,,,0.0,0.0,0.0,23.09073247254285,24.677272571970853,26.32810425611484,11.49287843268336,12.542660991238368,13.523354642533743,0.20840317913929354,0.26054768590733957,0.31978894064804625,2.5118864315096953e+19
23.08220129061692,24.841954280073214,26.725934110010265,23.700802557959502,25.043811630920253,26.475498440255112,23.204334666915333,24.7975934730226,26.36701716270624,232.50843805558515,414.0405576176896,908.1526749007974,,,,,,,0.0,0.0,0.0,23.046734177794217,24.652833734868867,26.325125577832633,11.526536605592062,12.519884411609741,13.464663753062341,0.20918495076543034,0.2602074286463214,0.3178463931366625,2.8183829312645874e+19
23.03638143138553,24.805956148160064,26.71437854746869,23.65307481593791,25.04843186708768,26.525770307196236,23.228355839029177,24.784807521006265,26.358083333835886,227.45933976301842,404.9999820357585,876.8875325730303,,,,,,,0.0,0.0,0.0,22.993106094442282,24.62158913770883,26.334243230828324,11.547268322920344,12.500868801480244,13.414400407343813,0.20998995128659007,0.2600069484920152,0.31587115565276286,3.1622776601685344e+19
22.98203152108126,24.771901924351884,26.701583412346434,23.597686529549552,25.04429789031208,26.584625211424324,23.225855606729795,24.773235539889473,26.367294000467073,222.6512555139184,396.35540292611336,851.8920312812983,,,,,,,0.0,0.0,0.0,22.94343551719022,24.585909409738157,26.33407290115208,11.562867738615733,12.485642010313498,13.365221575898943,0.21085771322457428,0.2595831590535793,0.31370712801970313,3.5481338923359347e+19
22.92379819314842,24.739120148953575,26.69857516462413,23.54181269901855,25.048308089251442,26.648912883798697,23.214530949916835,24.756444429379847,26.38949282844514,218.3235291210886,388.4076410804537,825.3473046247647,,,,,,,0.0,0.0,0.0,22.88243850844412,24.55459861777784,26.34085890901905,11.577271606766015,12.465993924110304,13.318424082553474,0.2116741713137313,0.25922486087260993,0.31182324239291603,3.981071705535181e+19
22.85867375116189,24.708971753408115,26.71200160716987,23.47643531080785,25.051494136322415,26.720231018536822,23.189129810546678,24.753026979653395,26.413098289262415,212.92481825414364,380.9201855386001,802.4616988571219,,,,,,,0.0,0.0,0.0,22.815413795839753,24.51960047159085,26.357005199222467,11.592051932599588,12.445569422115735,13.277781418506564,0.21255315676244504,0.2588003289434858,0.3097817654006855,4.4668359215098724e+19
22.775449663548237,24.67568615041683,26.729107299147433,23.41835213914899,25.0556857652212,26.805640831904963,23.16243461665379,24.73734009375262,26.443842375966746,208.24814743227927,372.7497478390388,781.7600571151147,,,,,,,0.0,0.0,0.0,22.743505606061152,24.494568591099856,26.375377197636265,11.598413977709402,12.42671713396337,13.245673291578791,0.21336279476007072,0.2584734267696034,0.30780681993952913,5.011872336273002e+19
22.68205643497136,24.644625284743945,26.749654594912,23.346695561409074,25.054729075610098,26.89069912442281,23.112438579623813,24.725163625781615,26.495093653808336,202.82572636269853,365.08092782480185,758.5090365925702,,,,,,,0.0,0.0,0.0,22.664158738467872,24.450734709745063,26.41476468117121,11.596123493482295,12.41162728633365,13.212828551388414,0.2142087223400291,0.2581295551952371,0.30594231442822484,5.623413251903812e+19
22.59940792527347,24.612623925661495,26.771306932403405,23.277990122677746,25.055812628841373,26.96641695997952,23.051008634085953,24.719047248044255,26.540322247046646,197.79995332959408,356.9904160341607,742.8886251792368,,,,,,,0.0,0.0,0.0,22.570140732173567,24.41209712159319,26.45032401715679,11.589318901067273,12.392074537380328,13.195956329569448,0.21504286994022895,0.25788057882173554,0.304026441784693,6.309573444802304e+19
22.498637718046748,24.57495040422428,26.83114264100269,23.19851219777507,25.053221592114475,27.06307308008577,22.970310969976445,24.723105127365358,26.620190799618644,192.52816097833116,349.57698588748354,724.9006572123352,,,,,,,0.0,0.0,0.0,22.483228732408904,24.37550797271389,26.49425724851129,11.582919927823255,12.374505297550773,13.18203485225303,0.2158949202073031,0.2574929265392798,0.30221266778361666,7.079457843841808e+19
22.406699196973182,24.542425077275126,26.88436421428846,23.120763033049826,25.05157569596326,27.160418228874594,22.89102760337801,24.71477594569747,26.707197745887992,188.02749164293223,342.04148024457686,706.3243383102979,,,,,,,0.0,0.0,0.0,22.395965628006287,24.340598014928776,26.537567421754453,11.563987827923407,12.352585654866914,13.169849560824623,0.21674895441403938,0.25711328223087565,0.3003078893690125,7.943282347243309e+19
22.299868352111332,24.511800004504213,26.944088632947743,23.034714626903035,25.05912353697123,27.26482740869861,22.800658712174037,24.714884021913484,26.79549787282152,183.106800687831,334.87906379612275,690.3522075401185,,,,,,,0.0,0.0,0.0,22.306195795216414,24.308253598670188,26.586565070060484,11.542159558763256,12.33333130684851,13.16827661218775,0.2175726498938299,0.2568414163132192,0.29863596118209706,8.912509381338024e+19
22.1911954435115,24.475171415153362,27.00605010828562,22.948211298449497,25.0661514585169,27.371146608408356,22.71404361344653,24.713093614120545,26.88760792009406,178.4347631872089,328.0558128582279,673.7399859575111,,,,,,,0.0,0.0,0.0,22.218250511391933,24.271147040675018,26.640003253211674,11.515450550322509,12.314777571428023,13.166731027350254,0.21839016066166128,0.25652796136810274,0.2968097130090529,1.0000000000000654e+20
22.08124074425318,24.434851299373307,27.08530691007732,22.87513453831851,25.067228023243906,27.47341968262097,22.5994887856386,24.710163860095015,26.970194937433895,174.1705243417437,321.00804249827394,657.7986123298551,,,,,,,0.0,0.0,0.0,22.126073002037373,24.24397474844835,26.683830317186548,11.490372326095894,12.300919647171977,13.175747694996046,0.21922739177621134,0.2561528347706844,0.29496546534987006,1.1220184543020388e+20
21.96648043107689,24.39741551958991,27.15871086433964,22.785827592104088,25.063294275922907,27.573357055901898,22.500707542739395,24.719133428365705,27.092976824180624,169.33395175163312,314.52275015464505,641.229264226844,,,,,,,0.0,0.0,0.0,22.017377473781092,24.2155432738683,26.73539687515423,11.45513114406351,12.288943214033289,13.186923376399372,0.2202043595824287,0.2557175413841923,0.2931825120720339,1.2589254117942537e+20
21.84492973838526,24.372286384217162,27.22072798268626,22.6945478558081,25.068179970729442,27.674797210690777,22.39232139825522,24.71697824396849,27.201118019059955,164.8485929087657,307.59557310803916,629.5111437115083,,,,,,,0.0,0.0,0.0,21.905785799020823,24.189517915796884,26.806915673705813,11.418218979862523,12.27047266136574,13.200112090875733,0.2209810357367918,0.2553872546865449,0.2914135976805929,1.4125375446228537e+20
21.724835528189914,24.343028174006598,27.280475741537256,22.615927406684193,25.064597251438613,27.77619678252733,22.293315255123396,24.724392466912636,27.33547075411907,160.4099504903976,301.3221821635657,617.9643160467155,,,,,,,0.0,0.0,0.0,21.79761321766849,24.15459936273764,26.87940585392382,11.382874539380563,12.252551481361287,13.219375294579633,0.22173106695765502,0.25501322212520816,0.2895954287800283,1.5848931924612275e+20
21.596150028880707,24.310131081469265,27.38142024975588,22.522933620393168,25.075636333467006,27.876857465735927,22.195694338548144,24.71663106503879,27.468941701364677,156.4119014033924,294.79651911312396,605.8983860970419,,,,,,,0.0,0.0,0.0,21.688116293191143,24.126429111777625,26.93176296308872,11.339593380107944,12.236174428812648,13.240793091867356,0.22254852194865582,0.2546846877029464,0.2877702830354262,1.7782794100390537e+20
21.481447621902515,24.287066369406396,27.456232798640823,22.431375314619334,25.0819395403955,27.993244085904273,22.07959075265173,24.70535631871344,27.599142046697246,152.10404171336887,288.7755573091588,595.0355061266372,,,,,,,0.0,0.0,0.0,21.581735944684848,24.10017520725859,27.004402702628692,11.291831128478668,12.218863632833518,13.267592491985594,0.22333838273633205,0.25431895283232714,0.2859478575820285,1.9952623149690297e+20
21.360701093562326,24.24909050420358,27.543659405363133,22.348283131085307,25.086085909297047,28.113764696114682,21.97210562284501,24.69962857086194,27.738466995895372,147.91362561854461,282.1111854231726,585.2443891881959,,,,,,,0.0,0.0,0.0,21.461971696534004,24.073409075975725,27.070536690605504,11.236002557812526,12.205204893169185,13.295514827103778,0.22401778075495585,0.25396657973006775,0.28422049803525357,2.2387211385685118e+20
21.240171527554605,24.225847453795637,27.628079125418648,22.25545483530149,25.093423404536672,28.234479373155242,21.85670500791789,24.70402963779503,27.87071913686757,143.7314780478518,275.6243979632842,573.1690745392953,,,,,,,0.0,0.0,0.0,21.34823905827576,24.04275648606354,27.15073435473006,11.184195479912644,12.191379898241584,13.326790356235177,0.22484223757585137,0.25368767795838487,0.28255851960643596,2.5118864315097773e+20
21.112765061986803,24.181492620648307,27.713472910603116,22.15907872276307,25.096078507926293,28.353724466891805,21.74000618872422,24.696883023638648,28.008357566244584,139.49158934428277,269.42003578447554,563.8539670731326,,,,,,,0.0,0.0,0.0,21.246390953556272,24.020538193655618,27.224487284137844,11.127118633002782,12.175790772870922,13.362004425817926,0.2256316964353512,0.25334135692578263,0.28091778339837314,2.8183829312646798e+20
20.984973101228185,24.148132005792878,27.81006627578812,22.07531710839593,25.102317814971318,28.474960280508892,21.620097668308603,24.68738124880158,28.16250353670755,135.6738301128852,263.19203078914,554.2849613858598,,,,,,,0.0,0.0,0.0,21.131383153844066,23.980057519107667,27.290080767615677,11.070297348905143,12.16138298116145,13.396816653896868,0.22634369287827702,0.25299021813004163,0.27909853880365965,3.162277660168638e+20
20.853590325897702,24.105843712719377,27.908013947522495,21.985096746352646,25.100673591688363,28.589917800780537,21.506906461681314,24.68524627470924,28.310957290398388,131.55933074433375,257.09230778583685,544.9044750029951,,,,,,,0.0,0.0,0.0,21.01896171045478,23.947862951875756,27.375680892629994,11.01309261938948,12.14923133211794,13.42681453367749,0.22705921024333628,0.2525568930022949,0.2775525597668422,3.5481338923360505e+20
20.73962424383093,24.074729082030437,28.008845484756087,21.89822037131556,25.1091996443114,28.709817016289044,21.391545238219543,24.689312534085943,28.46375236302605,127.84293899883245,251.90770579786124,537.4212385065389,,,,,,,0.0,0.0,0.0,20.914945167558855,23.921439559868922,27.455450023433336,10.955897892664888,12.12885915937137,13.470135485593008,0.2278035023012118,0.25226010480109734,0.27598518061399235,3.9810717055353114e+20
20.600799770752445,24.038098133890223,28.11862676598471,21.805534266341116,25.114663802840823,28.83517530471061,21.272059444168022,24.688001762527314,28.614452650009333,123.93858926683545,246.5052281644211,529.5641933464692,,,,,,,0.0,0.0,0.0,20.795444043042796,23.89538871481282,27.539383014331055,10.892199223556547,12.11467678017977,13.519936111150797,0.2285649015093871,0.2518841804391092,0.27461256894282393,4.4668359215100186e+20
20.47375655145028,24.010212599625728,28.22048110134389,21.715010752542685,25.11298434886782,28.960480379565833,21.147257611050684,24.680858811764256,28.78217496918507,120.11494982599552,241.3655503045406,520.5944906214145,,,,,,,0.0,0.0,0.0,20.671716404288254,23.87250289045214,27.640471243947005,10.8358834941015,12.102241840844641,13.559327836727352,0.229234123294183,0.25144198647247196,0.2731268788732349,5.0118723362731655e+20
20.340956178148346,23.973797675456858,28.322125692217252,21.626772024471457,25.116940549255325,29.0784383311241,21.029410856996964,24.67678460408729,28.926020949226167,116.26504898163083,236.11811626611495,512.5298392252388,,,,,,,0.0,0.0,0.0,20.561312114539508,23.843137236797013,27.730368616414598,10.777116982171343,12.091231934913091,13.605476753897719,0.22981288110731676,0.25109936788999176,0.2716306127884606,5.6234132519039966e+20
20.200623102669585,23.945567205542915,28.427834781875646,21.536059598125483,25.11592523881457,29.20985076523668,20.908762788994384,24.67824432393418,29.06729034753381,112.69862820815096,231.06939679244152,504.58701314933444,,,,,,,0.0,0.0,0.0,20.45222009454196,23.82499335447617,27.81871905075385,10.714776147634376,12.079124921411141,13.654009789963334,0.23026445654358216,0.25069525561789197,0.2703562765383359,6.309573444802511e+20
20.057156778563975,23.92357045305574,28.533931641711764,21.441294559441047,25.11263048332133,29.333820535932897,20.792540192761372,24.675270358390065,29.237314461163876,109.03710844097816,225.76141247364288,496.8009573084399,,,,,,,0.0,0.0,0.0,20.341838007148695,23.7997283360461,27.903000318284064,10.647869671244115,12.06597155016696,13.700676527622722,0.23081397555098626,0.2502962647708886,0.26898639714031025,7.079457843842039e+20
19.926480148939508,23.881286333873582,28.639904469415953,21.348531951479554,25.114259432313453,29.459478208586297,20.66460163795366,24.667238609223546,29.392052901116546,105.63337425788816,220.74191034081716,488.5480444457599,,,,,,,0.0,0.0,0.0,20.228244847281957,23.767559959767894,27.99465843358117,10.58440757684588,12.05442275923344,13.746400715208507,0.2314129217983748,0.24996946351995014,0.26774883164579183,7.943282347243569e+20
19.78905181272208,23.842527516532236,28.740758864534662,21.251719478408138,25.11967092129986,29.59051649889843,20.540254198851578,24.658362298953648,29.539969061499043,102.10217415940708,215.32495587954014,479.673223691948,,,,,,,0.0,0.0,0.0,20.107519818237066,23.72962268911791,28.08103363602321,10.518580295434173,12.042273698365499,13.793552505781317,0.23197888231344385,0.24951704962015692,0.2665899609554495,8.912509381338316e+20
19.657270991163912,23.811204705135907,28.86186555107297,21.17253439018849,25.11718466017288,29.722962077112584,20.421074846828958,24.650180104071698,29.693913463706988,98.93665748458355,210.37951097963298,470.53231592001674,,,,,,,0.0,0.0,0.0,19.99835068352627,23.701470743852166,28.145146859534506,10.453780279432046,12.02166116607362,13.845343107431718,0.23243234071571947,0.24920230109666874,0.26547294212560724,1.0000000000000982e+21
19.536105039882397,23.77717401330112,28.978555776603677,21.08100280467714,25.12231779032504,29.857763255694096,20.30725891825489,24.649894772275886,29.848700829065486,95.52530021910431,205.4753827024525,462.5695719307628,,,,,,,0.0,0.0,0.0,19.87072696152858,23.668622063580102,28.231558836538262,10.390369113533765,12.01231838293898,13.89904233941771,0.23274329770436966,0.24881039573529096,0.264544217602546,1.1220184543020754e+21
19.407918549516285,23.746054063928568,29.100336640915,20.989657947897776,25.12233449174012,29.97926323119978,20.19241317554542,24.64799227548381,29.989710061670294,92.8709465344295,200.63935861797452,456.575932650851,,,,,,,0.0,0.0,0.0,19.746463524056647,23.63564890333428,28.301438594965678,10.325762486105447,12.000859340629031,13.943959358186719,0.23301110687328494,0.24851356226208365,0.2636113973197671,1.258925411794295e+21
19.277018738732824,23.704900224366504,29.22271370720322,20.910188920784066,25.120045686192213,30.1105912650042,20.065631107382107,24.645979149931946,30.150462469627215,89.932763895053,196.51618044605806,449.38065976920944,,,,,,,0.0,0.0,0.0,19.63662872016148,23.603855513020285,28.397426655831488,10.262411782746582,11.984397626044146,13.993562438097074,0.23308013143304188,0.2481935576709241,0.2627925955508099,1.4125375446229e+21
19.147917248360226,23.688972107154342,29.360596009602613,20.821674558193493,25.128467971402237,30.225456244339092,19.95740717413106,24.6488902027536,30.308684358795308,87.07252243230475,191.7710377693735,443.03024844135416,,,,,,,0.0,0.0,0.0,19.51674340608989,23.574269857197848,28.493169407588645,10.199416209382479,11.969134257763333,14.040969562312752,0.23319820107252603,0.24773480882107185,0.2621132212705589,1.5848931924612793e+21
19.016971982196797,23.654543786335346,29.49154532051294,20.735161714000398,25.130291581215374,30.351850698221956,19.844548470509583,24.648206867072155,30.48025691930987,83.95514304307927,187.64216795969716,438.8568601005036,,,,,,,0.0,0.0,0.0,19.40772260595668,23.544249095492482,28.58548022371926,10.13539103421146,11.952068431618397,14.097834906341049,0.2331355879677038,0.24736693881687127,0.2616673494650552,1.7782794100391118e+21
18.890896342098074,23.62026438473415,29.62055218819779,20.64778013137004,25.136116236198994,30.4978825390862,19.723339814512563,24.64859076185649,30.662041977866092,81.13504731100076,183.19514791293398,433.3798316292631,,,,,,,0.0,0.0,0.0,19.291813250345626,23.512266728609532,28.665333545305952,10.069124627646243,11.93494484081668,14.15821355314449,0.23294923617627208,0.2470444367251281,0.2612255079880578,1.995262314969095e+21
18.77216434068757,23.593472939753354,29.736957591296516,20.561356023064675,25.13439262549366,30.62528901161186,19.600008113534823,24.65220448372483,30.837011457547543,78.24361874608675,179.2293001844726,426.5048017800006,,,,,,,0.0,0.0,0.0,19.181656901807266,23.47972580983081,28.753467114091183,10.010306214745773,11.921855632226205,14.217289979505317,0.23272642620514689,0.24670147930578928,0.2608382484132917,2.238721138568585e+21
18.644776409667255,23.56107597818872,29.85399108124657,20.476192541139476,25.140746947390006,30.756855008282773,19.48728704776798,24.642406373705057,31.02399019183896,75.81702500879977,175.38492041587062,421.58020422041056,,,,,,,0.0,0.0,0.0,19.070272199637692,23.453115213300457,28.838044327671767,9.949728276675932,11.906817097596692,14.273770030492956,0.23230930597002247,0.24637330241104816,0.26058084133103054,2.5118864315098595e+21
18.51781448182405,23.52221687371275,29.964386379368822,20.390976729511628,25.140872930669516,30.8819790015915,19.373392338377577,24.635658898564905,31.175467603541062,73.29461295273038,171.4554306570961,415.5589104141656,,,,,,,0.0,0.0,0.0,18.96049297160286,23.41802908636943,28.930984994739003,9.88748540521266,11.895079140772932,14.333777055024354,0.23194810511621328,0.24600777163937249,0.26041258224371383,2.818382931264772e+21
18.402957044845344,23.490661211950204,30.092742199887798,20.29959129885019,25.14132338821254,31.009147342829483,19.258056752056707,24.63237288910269,31.35532773149615,70.79780216104838,167.43526474597303,411.34203829399974,,,,,,,0.0,0.0,0.0,18.848245190696566,23.38955853802663,29.016595255202336,9.822558233221253,11.882347579641126,14.394249884638624,0.2314538677856523,0.24569361714520957,0.26045547978863387,3.162277660168741e+21
18.271862524989103,23.44944554413007,30.21566920526316,20.210136672782173,25.140490772765528,31.14499862560881,19.13473252616815,24.63054955255143,31.52416919771234,68.08082562846533,163.17819704608203,407.8589548208855,,,,,,,0.0,0.0,0.0,18.745921824624006,23.357833394476025,29.107890736623805,9.757378644862483,11.867518096292908,14.4558939325624,0.23076310212826512,0.24531342007988255,0.2606542790025263,3.548133892336167e+21
18.145382148608842,23.412655653788164,30.32102566980088,20.118700680483244,25.14269651629369,31.276969969250594,19.02825154231549,24.625260243654473,31.71339451757159,65.61880701439442,159.09188285165297,402.474874440228,,,,,,,0.0,0.0,0.0,18.636965127867928,23.334381917113753,29.195382078675248,9.69660059415893,11.853722562947448,14.511387931146107,0.23001170239375465,0.2449715382889836,0.26093169595825777,3.9810717055354415e+21
18.010583884878322,23.382498312288803,30.450634703456753,20.02512227953216,25.14811978359338,31.422004332611472,18.91728502907773,24.62899877318212,31.90094617636758,63.38187812542143,154.9856253567692,397.7990657804919,,,,,,,0.0,0.0,0.0,18.528816853157455,23.31268558477464,29.289358692099032,9.62808486412015,11.83992099046709,14.570845930125532,0.22906204205961844,0.24465638127040373,0.261213526420729,4.4668359215101646e+21
17.90373419773372,23.359374789711538,30.575248906279267,19.947281818985427,25.14878070104411,31.570816659107134,18.812808717320582,24.613109003059762,32.09550286301835,61.054991008933214,151.56307521733402,393.55476439923143,,,,,,,0.0,0.0,0.0,18.421280718663414,23.282728474670314,29.396750433877767,9.569488352668182,11.827603308781615,14.623690385119698,0.22805882652146872,0.2442723039861708,0.2615837821504755,5.01187233627333e+21
17.77267380014597,23.33282018600032,30.70035847489941,19.855480889017652,25.153715871837193,31.696640173443758,18.6963203904588,24.603030663198666,32.28915049495624,58.84799436505831,147.98797594655733,388.41221201867717,,,,,,,0.0,0.0,0.0,18.31878679518255,23.24202288661716,29.50451699934963,9.509069462429066,11.808267126747388,14.684361539480413,0.22711217755361146,0.2440526321964889,0.2622593724258167,5.623413251904181e+21
17.647578832799347,23.30550893590045,30.826371819350832,19.77424382436122,25.152682352295376,31.834425180219434,18.589886575570606,24.590744292197616,32.485714999048874,56.64069958422673,144.318945016557,384.6909674965714,,,,,,,0.0,0.0,0.0,18.213915580708495,23.198938938865666,29.607358881644732,9.44433460197719,11.791676221623145,14.738676283546674,0.22601629561553352,0.24383274026025203,0.2629250361869388,6.309573444802717e+21
17.53032331564596,23.280188401626546,30.961651878844012,19.69586174399175,25.150676375383423,31.966739191345937,18.4800092104976,24.582312324933493,32.664033880231834,54.62846335957654,140.8506466364898,381.0738012436937,,,,,,,0.0,0.0,0.0,18.105877535248965,23.164723753175785,29.70880946350553,9.383752856714656,11.773871524731042,14.792284831385594,0.2250191770821633,0.24349827594983972,0.2635571533104311,7.079457843842271e+21
17.413829937596933,23.250535206258547,31.1223772479981,19.62000938362546,25.148224445108173,32.10327102877286,18.37420322202117,24.586412205431557,32.83306145183387,52.59115470632734,137.77642985790317,376.96383488360345,,,,,,,0.0,0.0,0.0,18.00531437684263,23.131287216959144,29.80137541466579,9.328850628063096,11.757498039193141,14.852619870504215,0.22395087141445924,0.24317815094427675,0.2642175672984325,7.943282347243828e+21
17.294949348409908,23.23004492952856,31.250857897573365,19.53449436140774,25.152143720006706,32.22189214740927,18.26352086696044,24.59500323684521,33.02442148323344,50.693497298865665,134.82819627068366,372.7246042043362,,,,,,,0.0,0.0,0.0,17.897359915961076,23.102013854883488,29.89716655764662,9.270346707779975,11.744556597104367,14.917194392662037,0.22276922255171588,0.242829948036599,0.26492028649615323,8.912509381338607e+21
17.178076012911404,23.19479501732224,31.38398539169017,19.455912194961545,25.153114259116382,32.359170864392205,18.152155511409806,24.59072199717734,33.2245147505834,48.92981402016513,131.60952377513982,369.4284153660865,,,,,,,0.0,0.0,0.0,17.792426678114754,23.06862041315653,29.992101623498197,9.210626538935898,11.731229617062667,14.982580885801358,0.22157912733266394,0.2425023999713461,0.2656423796138532,1.0000000000001309e+22
17.059915610452226,23.162239969318076,31.513591039188043,19.372199145231168,25.15321187109737,32.492254350016225,18.055724869380963,24.574536891224113,33.41150929861096,47.237601952677,128.57095100145597,365.9900919850741,,,,,,,0.0,0.0,0.0,17.693412113656585,23.03327708951946,30.081255065542873,9.149844656138368,11.715695181809316,15.048203588224979,0.22035180221306908,0.24219188697429878,0.26639438093510964,1.122018454302112e+22
16.939811146586056,23.137657941216453,31.645077909614756,19.28573668616097,25.149670587351654,32.638100300895886,17.953246601411166,24.577868226602593,33.59584314300117,45.50595421111773,125.53122265973056,363.85870948561626,,,,,,,0.0,0.0,0.0,17.59377784449008,23.003951587072123,30.183275681295925,9.086532816345274,11.69987156231917,15.120696489820297,0.21910179437329208,0.2420044966709915,0.26706776744922583,1.258925411794336e+22
16.829950184004765,23.1067218810958,31.778059803185933,19.198022077729142,25.15650319322338,32.799734377795424,17.845894403371993,24.581384800311753,33.76720911278722,43.75087093306757,122.44920789509435,359.52580813771203,,,,,,,0.0,0.0,0.0,17.502113855237766,22.979250832274477,30.281913940383358,9.023347684703067,11.681197546350298,15.184687541814254,0.21779466790640523,0.24172704720508004,0.2679411319270177,1.4125375446229461e+22
16.716764945633063,23.070619969030112,31.899356970073043,19.11806867301641,25.16246456480987,32.93235311094832,17.73580772263615,24.57436459195523,33.95262311895121,42.19433427402762,119.50864705200878,355.36963726307863,,,,,,,0.0,0.0,0.0,17.397392882476257,22.945041803080372,30.37562786874421,8.959065639601436,11.666204463356838,15.249452726111548,0.2166120842745222,0.24137130352974775,0.2687627622931009,1.5848931924613314e+22
16.5991966667512,23.036248629788183,32.033504902186124,19.03126385353685,25.165067544801555,33.07010039539843,17.637471280661668,24.55766424848852,34.13950014602775,40.6119648484747,116.56159029530825,350.8626088841311,,,,,,,0.0,0.0,0.0,17.295562359007604,22.916743616518737,30.473712068882012,8.898359207211922,11.652644003468016,15.31825331756482,0.21545439524243856,0.24104050492283347,0.2696919386694937,1.77827941003917e+22
16.48794565039501,23.004642821736297,32.155052160082406,18.94748196446184,25.166425792693232,33.221471355888575,17.53510389238694,24.551656465769486,34.33673280450972,39.05976959693671,113.81505467563741,347.8382889669262,,,,,,,0.0,0.0,0.0,17.188586248836444,22.892807216971327,30.589003607599384,8.840648464525085,11.639909359571712,15.380689459257326,0.21413867789793825,0.24073686772266836,0.2706372514198519,1.9952623149691605e+22
16.374939322351977,22.960257410931845,32.277957289482764,18.86265213958794,25.173908995284066,33.37142492136929,17.438128519033253,24.540873080660155,34.54653560519195,37.552744756676624,110.8622607658271,345.58627546946,,,,,,,0.0,0.0,0.0,17.094132355117445,22.858021001023047,30.691810561150124,8.786057823182125,11.626426551399234,15.45052662180424,0.21290511044841803,0.24044540350686627,0.2715890722332157,2.2387211385686582e+22
16.267805380763217,22.917018468634875,32.40138839377222,18.787446530814524,25.173064512876945,33.51127355350471,17.331151139626257,24.5395417225701,34.7477353588492,36.129964253883365,108.20223480404412,341.2336910101553,,,,,,,0.0,0.0,0.0,16.99296475977906,22.821517308049486,30.78559208086367,8.728346329162985,11.613318940315366,15.522405170945758,0.21168297516819332,0.2401192741028904,0.27257029943466227,2.5118864315099417e+22
16.166195775873472,22.882134746634996,32.530446340628956,18.703576097055386,25.171123179913124,33.66725404431794,17.224610745124245,24.532404064203178,34.91256115793413,34.78619072087805,105.87928771862221,339.05746475557623,,,,,,,0.0,0.0,0.0,16.89398042840771,22.78657162809695,30.888916055717324,8.669760587815553,11.600220534919377,15.597664523486632,0.21039555161351478,0.23972717544420685,0.2734768898348174,2.818382931264864e+22
16.058400695142737,22.84845372854105,32.66831832346734,18.61873241249599,25.167243779586236,33.80460389800035,17.131787579845213,24.524019201806453,35.10851544006932,33.47207025576199,103.47609570888878,334.81424314129316,,,,,,,0.0,0.0,0.0,16.792193343478186,22.751221039432917,30.99873880265437,8.613375127836456,11.581750044623224,15.663754874146278,0.209038550607189,0.23944888548286647,0.27452587882301277,3.162277660168845e+22
15.940347652122597,22.81455594065686,32.81260264256538,18.53445475616254,25.161204078035688,33.95535974694406,17.027396369074488,24.513781565272687,35.291972582884114,32.28699795986006,101.19946859130813,332.46002207873676,,,,,,,0.0,0.0,0.0,16.69092651836503,22.718371990815243,31.1116802886125,8.553971137171477,11.568474564487413,15.73355392847904,0.2077348264293051,0.23907789395123163,0.2756211872261421,3.548133892336283e+22
15.836399605291161,22.78018757848164,32.938019893897675,18.445021742333868,25.15761508003802,34.117542957637056,16.921057979194668,24.505110975728925,35.50083506784397,31.025582788099694,98.6309559618841,330.79892393707047,,,,,,,0.0,0.0,0.0,16.59935480090777,22.687344124466318,31.21802887402963,8.497976728154356,11.549306382248288,15.804013478846523,0.2064046474513825,0.2387788396034334,0.27670127487691504,3.9810717055355716e+22
15.72629472089985,22.741487870686143,33.06941173113223,18.358440067767116,25.153766242499124,34.26724549855881,16.821180912238482,24.500704984021397,35.69758349969863,29.76597948730265,96.29091182464632,328.7169680333699,,,,,,,0.0,0.0,0.0,16.49751678683061,22.653751069079743,31.32965581226501,8.443641525883086,11.537612914980194,15.878082098220162,0.20517867123543612,0.23844567927126392,0.27757271227038627,4.4668359215103106e+22
15.626831377042068,22.702818054329054,33.21694377306047,18.2744409988216,25.151167420823842,34.41901731958024,16.716459661178916,24.49504785289411,35.90962759329822,28.66008508229497,94.04825408548112,325.4625112038801,,,,,,,0.0,0.0,0.0,16.404860856546804,22.629860596534975,31.43892198403016,8.391622774372538,11.524764548035382,15.947220846739528,0.2038073180922293,0.23808349769330053,0.278580359515846,5.011872336273494e+22
15.525307156037849,22.665880787613,33.36621590068182,18.19501452253269,25.156116412789956,34.57871913080471,16.61566474236361,24.48235867188243,36.12870651979015,27.50394245001605,91.93959990947732,324.0034769147128,,,,,,,0.0,0.0,0.0,16.302957468733265,22.60328087276078,31.542740890038196,8.331508817655871,11.507313630233348,16.023371325067313,0.20254527671539618,0.23780967663998365,0.27973365682102685,5.623413251904365e+22
15.41944763866261,22.630308295137084,33.504930135684866,18.11635804421608,25.15478031630048,34.736197571365864,16.519663718793677,24.47424623813238,36.348448178578145,26.45030263357913,89.78960390279187,321.1746006602519,,,,,,,0.0,0.0,0.0,16.213922516306503,22.572842448043748,31.669415807605066,8.275443325664206,11.496023191971712,16.093396432635686,0.20130611915200713,0.23746708228076996,0.2807981013483904,6.3095734448029235e+22
15.319382997095968,22.604095944734787,33.65009338861258,18.045365467771465,25.15323409873499,34.891460152058315,16.416274752718362,24.470328379192495,36.56439174228815,25.375984393668478,87.5421831879274,318.45645397162406,,,,,,,0.0,0.0,0.0,16.1199757356381,22.54289292110263,31.787242414356157,8.22414583564401,11.476758349873418,16.16306223008973,0.20000229741889466,0.2372735327341048,0.2819023647449946,7.0794578438425026e+22
15.216068278937986,22.559629398678794,33.80311004926046,17.976140991419737,25.1551440340373,35.03630909428163,16.31889251230822,24.474084946400648,36.77004833918781,24.405661189838202,85.37573496960363,315.5061170444594,,,,,,,0.0,0.0,0.0,16.020424765440872,22.510622327806978,31.900640249848813,8.172994191583586,11.462552510490262,16.22334793996719,0.19871229205924884,0.23698836891837477,0.2827701115743477,7.943282347244088e+22
15.119363730232276,22.52996806091568,33.94159313458332,17.90547545398832,25.156948612748835,35.206578544284646,16.21658270316714,24.463567337690556,36.977754355593895,23.446186806794064,83.36702836123088,313.4184837154142,,,,,,,0.0,0.0,0.0,15.921776805999208,22.482163184493853,32.002255053009364,8.116992966619444,11.454565491203804,16.28987577910178,0.1974747907007708,0.23664781761661768,0.28389557066303905,8.912509381338898e+22
15.014469643500982,22.5013277081055,34.1049538971915,17.822141823559086,25.15413376535534,35.36088025423804,16.118771766617446,24.461575080284383,37.18967581121136,22.548151420324086,81.35708669144576,311.3016937604261,,,,,,,0.0,0.0,0.0,15.826672968367799,22.457958612493684,32.106658930400535,8.06490174075348,11.441309765583455,16.357449152335185,0.19623995940786004,0.23629900858307182,0.28495236105594,1.0000000000001637e+23
14.910485852850897,22.45984983565873,34.24976204753445,17.749745350937683,25.154155802273394,35.51335707318569,16.023653024759014,24.45343285944429,37.40277928268624,21.74056183525738,79.42187779249988,309.02790734971245,,,,,,,0.0,0.0,0.0,15.732688660300704,22.432388459024082,32.23041694784218,8.01198399364675,11.428398896000388,16.430492651955042,0.19498607499801457,0.23598891707384476,0.2859998099056667,1.1220184543021488e+23
14.807083918270108,22.43178841689548,34.381140516427536,17.677984609649446,25.153948428119357,35.67554718896348,15.93353696836342,24.454938807352512,37.62523763697076,20.950424421962992,77.55533767540655,306.92963009656745,,,,,,,0.0,0.0,0.0,15.638809521422427,22.404720433922463,32.34840496078243,7.952735253624063,11.412175043806485,16.504050711428988,0.19365288976244197,0.23577010462234632,0.2870641938446353,1.2589254117943773e+23
14.705098348080558,22.404869104762042,34.507765752479145,17.602205135937442,25.15168844293585,35.83189911331583,15.838203493933792,24.4533651748281,37.83145302636091,20.11692050083904,75.57251881092972,304.696137025307,,,,,,,0.0,0.0,0.0,15.555318392492746,22.38257090016548,32.4701956314187,7.899690111954161,11.398119776126101,16.56907558625581,0.19234319790025173,0.23545827847180228,0.28805178567725387,1.4125375446229923e+23
14.602271737839157,22.36734853306705,34.64425124985138,17.52483968915897,25.15777409431399,35.99141568222088,15.736558745709658,24.4507700993885,38.04196184469208,19.324455293646082,73.77210483900774,302.82440111380225,,,,,,,0.0,0.0,0.0,15.459531644044116,22.355745144785836,32.57686467846281,7.851227015437478,11.383676575065493,16.64253474014353,0.19110024686363636,0.23516598351235415,0.28920383628431445,1.584893192461383e+23
14.492692658953695,22.337927230198794,34.81754119286696,17.450639983491648,25.162779265373178,36.14794765434119,15.646020945491431,24.442319488790137,38.26733028407575,18.5403519222922,71.89456945748228,300.6363644039733,,,,,,,0.0,0.0,0.0,15.36963635538574,22.3254984988954,32.714893859309605,7.798899984017689,11.371542832411844,16.72490085467787,0.18993188378062797,0.23487165346525923,0.29022606360898734,1.778279410039228e+23
14.399406457440548,22.308917786689314,34.95566468800865,17.37516290941545,25.169553159887602,36.30950784609783,15.546976050352892,24.431643607287274,38.49439814952758,17.82075333232705,70.06600069425079,299.0118689309858,,,,,,,0.0,0.0,0.0,15.279051087950068,22.298673091564254,32.82584014197094,7.747772610611148,11.362377100541911,16.78989234763182,0.18869811087792265,0.23460502250601684,0.29149381129196156,1.9952623149692257e+23
14.294478348352836,22.281114286531164,35.08104052594672,17.305101563614127,25.172803036109837,36.477255606661615,15.457434939994746,24.433535224194348,38.717911581006646,17.150095241659816,68.39779211175188,296.4874768954161,,,,,,,0.0,0.0,0.0,15.188977708395957,22.273707647812284,32.92056042772084,7.700446276621001,11.347345413308037,16.857497801610396,0.18748863544061897,0.2342387207406017,0.29283040499895513,2.2387211385687316e+23
14.186825386968552,22.253301367346346,35.24249571545924,17.226236592338008,25.167006666247666,36.63497081635402,15.362199372464756,24.421685446440648,38.93494976364657,16.467879589172046,66.72625759728624,293.2624498368919,,,,,,,0.0,0.0,0.0,15.100921019929448,22.242833525126294,33.02214314595328,7.651773799956402,11.336033785766384,16.93071534834326,0.1862419424094933,0.23395008088171232,0.29391352438939644,2.5118864315100238e+23
14.080923297946498,22.226427422604466,35.41420876974102,17.15123340030758,25.16157797474954,36.79402393903905,15.26498436479572,24.43084346005328,39.180673965989186,15.82548919096262,65.2214481707639,290.9060471150024,,,,,,,0.0,0.0,0.0,15.011794577953312,22.216499614506688,33.145230166437784,7.602954172649872,11.322634941676089,17.005704646591916,0.1850637204264146,0.2336425568234889,0.29502256535719906,2.8183829312649564e+23
13.995507825262422,22.19686786434587,35.57482986409759,17.07828033614358,25.159506841980644,36.962736758179126,15.168798231085258,24.41894437012205,39.41167822337113,15.162476528498397,63.78709813636081,288.6787671895442,,,,,,,0.0,0.0,0.0,14.91847234257764,22.187768523769943,33.26551234614031,7.554034212995161,11.308101701521249,17.08112297431446,0.18382520429733584,0.23328860252344386,0.29610240890812833,3.1622776601689484e+23
13.892271321179637,22.165418339754595,35.732151776929605,17.002239250659407,25.15603550661464,37.13175716222511,15.085060490533127,24.41680486888137,39.649223173689826,14.556240496367518,62.28980993237023,286.05103469834154,,,,,,,0.0,0.0,0.0,14.823706382603676,22.166243148763424,33.379643895643376,7.502104290973826,11.292031694235956,17.157685551018425,0.1825890633282225,0.2330013080239362,0.2971888377673621,3.548133892336399e+23
13.789966761311039,22.13636322481065,35.88395692043554,16.91474558857425,25.15336962165829,37.28392001961412,14.996377029572598,24.41474178630721,39.88448588555126,13.993601676324715,60.79760625362749,282.6105506350406,,,,,,,0.0,0.0,0.0,14.73094660771585,22.13774954940076,33.49142446864682,7.451949089938714,11.280383123803015,17.245174066297523,0.18143235166849686,0.23274161635617957,0.29826410663403724,3.981071705535702e+23
13.693778502844001,22.103551887891527,36.03152321131732,16.850956982514155,25.152462299364924,37.446314534597775,14.904219918163925,24.418971133916887,40.10686456467811,13.435224118430908,59.28807923424283,280.44975400825575,,,,,,,0.0,0.0,0.0,14.640852114859939,22.11128764102592,33.60770619535312,7.402303117588374,11.265106447987717,17.330883965049065,0.18022851650692348,0.23245696616668055,0.2995151860767255,4.466835921510457e+23
13.603346261634652,22.069373591527786,36.187246274241204,16.78004007744641,25.15709946784757,37.60455239851656,14.808421095492495,24.41841553798203,40.323563192862395,12.912063516512973,57.88767038363808,279.2293808064548,,,,,,,0.0,0.0,0.0,14.558191163515007,22.090425973852177,33.71590535771105,7.352794607945908,11.252527160360282,17.402301965045872,0.1790596686164385,0.23216166452983222,0.300628993776907,5.011872336273658e+23
13.508766599188554,22.047753296234916,36.34610633562232,16.706747708443636,25.153179412312788,37.764889916201746,14.716835193284089,24.413490589272392,40.54283012230424,12.362536220046866,56.53153825442684,276.95440001765337,,,,,,,0.0,0.0,0.0,14.468306320911156,22.06094341475505,33.81918555823972,7.30613959664734,11.239348476183096,17.476710248252598,0.17790082588613274,0.231817765359368,0.30175225846140524,5.623413251904549e+23
13.413936193064462,22.01628918934548,36.50708979418535,16.631485472044027,25.152306126009755,37.91848733648395,14.629255289412463,24.40976941298673,40.77487632716813,11.880950542679496,55.19543396976421,274.57346135443987,,,,,,,0.0,0.0,0.0,14.38036585052879,22.03573636170539,33.940357290703574,7.256363169521082,11.220878187188262,17.555294213159083,0.17675972240811177,0.23140520306273363,0.30299761966345995,6.30957344480313e+23
13.319654979744286,21.97958185741564,36.66606180100316,16.550743085377214,25.15186375312883,38.06919258181959,14.533665043626561,24.398235552076756,41.023856516114726,11.395435925393292,53.89898360074244,272.5420163056549,,,,,,,0.0,0.0,0.0,14.295151418671438,22.010301818038418,34.05139052037729,7.210950834604276,11.207262995621372,17.634800947999363,0.17560893961331803,0.23112783974648032,0.30416154002161544,7.079457843842735e+23
13.231429178729943,21.950058361646565,36.82915784312739,16.489198717290897,25.152191081433642,38.232975382472176,14.445056821897985,24.38820811528918,41.27660903072743,10.973390709452618,52.59018207588318,271.15030535539165,,,,,,,0.0,0.0,0.0,14.208413529073821,21.974460761376896,34.17013301264088,7.160024193369055,11.19153682853621,17.722554499774663,0.17445464067598837,0.23080144817435722,0.3056421314192543,7.943282347244348e+23
13.137946644711555,21.917956512100673,36.98610900419702,16.418482660891843,25.151353277952808,38.40375887594804,14.36067232053028,24.38214621135031,41.51521828704082,10.53561162561194,51.46760998588172,269.2182421023945,,,,,,,0.0,0.0,0.0,14.12299434869465,21.945822271286865,34.28832924097927,7.115183512935223,11.176302614417901,17.81088061873141,0.17333258201662663,0.23049178612256568,0.30702766034023016,8.91250938133919e+23
13.053127423189697,21.889223934382727,37.13821630225528,16.342030899852816,25.151488068704985,38.56780603099891,14.27275877709357,24.377102880160493,41.75834791085237,10.091955036409345,50.33842375802053,266.64295285251836,,,,,,,0.0,0.0,0.0,14.03854348259324,21.915031214504314,34.40554215931728,7.0632331683999245,11.166148362442543,17.89108646526707,0.17221519444317102,0.23016329742618669,0.3084650360851185,1.0000000000001963e+24
12.960753335297547,21.85947291904841,37.31550352934815,16.270559312003694,25.158666205896914,38.72382363636612,14.186981638339446,24.36272966661104,41.98684371128045,9.695933268166764,49.179391585458504,264.57841877890553,,,,,,,0.0,0.0,0.0,13.950614415187324,21.890328544381244,34.52872534432613,7.017361986969092,11.154695934941955,17.97148765387644,0.17112464980881176,0.2298132387760028,0.30955233550785055,1.1220184543021856e+24
12.870802879505991,21.83576601281899,37.469343616711775,16.196756423151502,25.163140989478315,38.90332918162183,14.09903685367817,24.357208985866585,42.24456384544548,9.308343392771807,47.98717463266318,263.1858524117223,,,,,,,0.0,0.0,0.0,13.863802919268077,21.867409594568695,34.64771133956166,6.969934360816338,11.146127900561034,18.04575138167956,0.17000043803612827,0.22951544214997072,0.3107582485352468,1.2589254117944184e+24
12.776304887251255,21.801219643804835,37.631175271772214,16.12223679707877,25.171069111841575,39.08997730194157,14.017494893321189,24.35644713100353,42.508240653618266,8.923894360013993,46.826358066761955,261.2405305804849,,,,,,,0.0,0.0,0.0,13.774217710393087,21.845038866150595,34.77380494444163,6.924202649478186,11.134144178671729,18.129351975368795,0.16889575502430457,0.2291962195467177,0.3119765522403809,1.4125375446230387e+24
12.684137283354751,21.77185917503959,37.795314567912115,16.044727643301968,25.167364032537858,39.26789352771175,13.930685470604937,24.34334662672767,42.76876376824563,8.566388728905808,45.67821033706011,259.8777452870336,,,,,,,0.0,0.0,0.0,13.688078422790348,21.824537275248353,34.91372066413569,6.876883081336395,11.120834619297604,18.21318220334216,0.1678089361243632,0.22887997846083685,0.31340319578327985,1.584893192461435e+24
12.594941905286355,21.729516120209833,37.95563485854232,15.968962183645623,25.17189915391628,39.44191366721367,13.845990462373868,24.34355836603055,43.00434934094256,8.24135202998797,44.65110173048164,257.891976046534,,,,,,,0.0,0.0,0.0,13.60790163499262,21.79899374994497,35.033577291733216,6.833117868876741,11.10824267857194,18.290884979393216,0.1666834469635796,0.22857890544892362,0.31469031190031554,1.7782794100392865e+24
12.506227294685416,21.698864449416625,38.11355516063931,15.902050100912447,25.173826544279848,39.607062615585264,13.762538740113516,24.340441365824393,43.272507647685515,7.9049400166542245,43.62469936073329,255.95082282234927,,,,,,,0.0,0.0,0.0,13.528457264072435,21.774777490712626,35.15305009394481,6.789733618805427,11.095333396819555,18.379661734891204,0.16560020725128316,0.22830538489202878,0.31584882833586836,1.9952623149692908e+24
12.419321516879297,21.65919295230902,38.27392782685365,15.836351881611632,25.178199817267377,39.76780552205222,13.678456154837358,24.332456521848215,43.53088415049597,7.591810256375371,42.64643641562729,254.1888812113573,,,,,,,0.0,0.0,0.0,13.445376986741195,21.748970273619825,35.27759889432215,6.747711639738778,11.079310488070108,18.4612663395025,0.16458366382301653,0.22798487986765792,0.3171829942159189,2.2387211385688048e+24
12.33476040096424,21.627748441357184,38.434850589464475,15.766021667050952,25.173717179011476,39.94152969277741,13.59777561944422,24.32449767022449,43.770996871572684,7.289766890965802,41.70726827071765,252.65193931756008,,,,,,,0.0,0.0,0.0,13.366786898634702,21.720718452223608,35.39776522194464,6.7041363841263735,11.067922950820705,18.532284862940642,0.16353156186370707,0.22772426523517425,0.31822381779943326,2.511886431510106e+24
12.251645466380978,21.599622932647073,38.599481279707184,15.700448660252341,25.18515908211729,40.11133092593433,13.520787584969051,24.318445024288486,44.02892311418438,7.0107376832067185,40.747410585876324,251.34154017343147,,,,,,,0.0,0.0,0.0,13.287161495818392,21.696062555688826,35.52655283479476,6.661438708893387,11.053852665041347,18.601459571709892,0.16246731164215208,0.2274173320804081,0.3194000708993747,2.818382931265049e+24
12.172642911381704,21.567035158761033,38.78335859320993,15.627787243536048,25.187722173038907,40.29438952888525,13.432935785158849,24.312188724371907,44.30487051522251,6.683113170638637,39.80860344242787,249.728118744762,,,,,,,0.0,0.0,0.0,13.210477246211438,21.667622651879316,35.64641799308504,6.618106823448557,11.039865948256042,18.67593281383466,0.16143070335362192,0.22712372201476733,0.3206938564132509,3.162277660169052e+24
12.089235693177052,21.531473980885067,38.931270225630726,15.560668709394838,25.18734812687584,40.47329227753169,13.344942813664707,24.308104348490595,44.5682945427276,6.392727063315048,38.84879351145818,248.7495941782145,,,,,,,0.0,0.0,0.0,13.139422876243446,21.650272477199124,35.771241062128624,6.574446855267679,11.025012696755557,18.749110669775234,0.1603699503976464,0.2268206706718452,0.32198598653656135,3.548133892336515e+24
12.007153920098458,21.500735894762812,39.0881372439759,15.491898296494194,25.186070402877057,40.63218728315239,13.255704194544208,24.307374684054246,44.847580403609605,6.139918031154923,37.937296713656465,247.00586077227032,,,,,,,0.0,0.0,0.0,13.061703660717251,21.624359644174433,35.891185990182585,6.532626445497695,11.012360905168944,18.827377514439142,0.15932371428857725,0.22650778225408974,0.32326898505369295,3.9810717055358323e+24
11.925201640533901,21.47225110017073,39.264279614701415,15.417833462334507,25.183377962153543,40.79536041634723,13.170754116853399,24.297729273384263,45.1246287793624,5.889647810951396,37.03737128575004,245.90318847275833,,,,,,,0.0,0.0,0.0,12.980287664338615,21.593382175323626,36.00986968964012,6.4886672861503705,11.000272471512403,18.90933864218564,0.158305747347225,0.22620443252422953,0.3246388501879596,4.466835921510603e+24
11.846131355855475,21.434253885526033,39.42882531966641,15.355569022076546,25.183416273270275,40.966626723085085,13.093006890934646,24.29552002282248,45.39267361994647,5.651176990575498,36.259018217122865,244.47332516790198,,,,,,,0.0,0.0,0.0,12.905972492214142,21.566194427059294,36.12753871213451,6.447828410719975,10.98535006000219,18.989260910790364,0.1572610482358834,0.22585082919991176,0.32583836328956856,5.011872336273822e+24
11.759804376236486,21.401801586796303,39.60076896588832,15.285948307893646,25.181205334050627,41.152193777180656,13.012544131367054,24.290733666367828,45.64513593961888,5.433023171322973,35.39598211352762,243.6150236108643,,,,,,,0.0,0.0,0.0,12.828782917581771,21.539694620029373,36.248386144976514,6.407042103992388,10.968068815377354,19.07799154987603,0.15626224149517096,0.2255679666966492,0.32708774912139776,5.623413251904733e+24
11.68105370911378,21.372921690830715,39.770617188762785,15.212582249689259,25.179702622156935,41.35283788459077,12.932635813521506,24.28334183038126,45.898298110474784,5.2181302089937995,34.60677128083785,242.55467996965643,,,,,,,0.0,0.0,0.0,12.75353221547505,21.51385452448648,36.371574203654774,6.363609490086689,10.95011466850281,19.162625201636168,0.15524378817463985,0.22524425951860289,0.3284927580130503,6.309573444803336e+24
11.605836611018159,21.34072145068304,39.943367031118214,15.145698712549311,25.18353487101108,41.537323963248,12.853099028091119,24.28413685990855,46.19366118215158,4.9967161189270355,33.804150632292114,240.5584770551967,,,,,,,0.0,0.0,0.0,12.67813990161296,21.48566449430696,36.493269458245585,6.319075759682823,10.934897142754957,19.24536072663776,0.15422152020050714,0.2249522024855517,0.32985649554274254,7.079457843842966e+24
11.520236162014166,21.309190589979927,40.12135115322209,15.08346970255933,25.182658747924478,41.72906354653182,12.774021352593367,24.280504526365526,46.457290597985995,4.7884829136478935,32.99440510697683,238.92730301934952,,,,,,,0.0,0.0,0.0,12.606276767761212,21.457943595715793,36.61123285239776,6.276362869751395,10.922071495872506,19.319771956926985,0.15323265902906366,0.2247150148807293,0.33128066005778095,7.943282347244608e+24
11.447344775050757,21.28127923746718,40.29021486303367,15.022463545084207,25.179683515483653,41.902753520710576,12.692838119858703,24.284725542604964,46.748831117557096,4.591608321866435,32.23469220232925,237.39316074426105,,,,,,,0.0,0.0,0.0,12.535917070000348,21.433681200460637,36.73298711036648,6.236542878197224,10.908664504541449,19.400232707167532,0.15225129499144174,0.22443657051944585,0.3326969812849142,8.912509381339482e+24
11.365577737336158,21.24877575587739,40.449903807541986,14.959657964571372,25.17935115910079,42.07656694247629,12.617382890568146,24.282257463992437,47.044123568413816,4.401854852292254,31.473226070643364,235.79801532743744,,,,,,,0.0,0.0,0.0,12.460300787728325,21.414111725568667,36.86307054668899,6.1957751578848,10.893699521507134,19.474644997269458,0.1512675787573635,0.22406346185074394,0.33414761651516006,1.000000000000229e+25
11.28649045021147,21.219829949165266,40.62241019327527,14.895165459803586,25.179856806910053,42.264849876725116,12.539838239260543,24.281653277727337,47.311991390928526,4.232093038277584,30.761086795992405,234.24223837541766,,,,,,,0.0,0.0,0.0,12.385637510974096,21.391138293065325,36.996371161009456,6.155308032433532,10.878433380518022,19.553342396345833,0.15028003831369705,0.22370279797445225,0.33566136345712866,1.1220184543022222e+25
11.209234654137198,21.194784884092385,40.806253125090706,14.82871717135216,25.18293721561144,42.44506635507845,12.464413214438325,24.278435377968258,47.616935398199495,4.068127726607393,30.09310189631109,232.38334054132312,,,,,,,0.0,0.0,0.0,12.307819448751006,21.369193280711098,37.13650588849291,6.1146602374452,10.862290263475566,19.643473420443385,0.14927773012297865,0.22339645603527364,0.33701424819888237,1.2589254117944596e+25
11.12779687101927,21.163394505885247,40.98516392087218,14.762413251201608,25.1878717399578,42.639885174097635,12.390000529833037,24.26867718105239,47.890511945943345,3.8924604892486787,29.447529158939393,231.35415918203068,,,,,,,0.0,0.0,0.0,12.23339460696795,21.347109958419942,37.28035385242696,6.072172262302277,10.845928351743112,19.73049115403558,0.14828089809376185,0.2231117151428343,0.3384809741886409,1.4125375446230847e+25
11.05027583992585,21.136873788642482,41.170197846523216,14.693193075421167,25.191293551413914,42.82463825890355,12.315094195629477,24.26465601448004,48.13072959231403,3.7434967107994894,28.72257474754978,229.68241332299127,,,,,,,0.0,0.0,0.0,12.161794499476388,21.316179380281692,37.412666893412435,6.0329910398251325,10.834299449371276,19.820002299805367,0.14729838043233404,0.22277821482523424,0.340040894811967,1.5848931924614868e+25
10.973620895352145,21.11469832837892,41.34688537289728,14.631143008243543,25.19431699942094,43.01654625375069,12.240251082169715,24.261273699206214,48.40620141380261,3.5857760170065562,28.01222525372765,227.97221338669652,,,,,,,0.0,0.0,0.0,12.08964903015988,21.282681258682718,37.54117704747988,5.992754781725262,10.820832245631234,19.909478207005158,0.14630598039883683,0.22250543828041358,0.341476071707129,1.7782794100393446e+25
10.89886650645563,21.0796711346657,41.52894153733663,14.563360002398554,25.197544586497386,43.210481710283396,12.165720319955208,24.25095653275211,48.66340015448142,3.450379635208035,27.33708317373799,226.71705152536396,,,,,,,0.0,0.0,0.0,12.011759746446007,21.255366753074114,37.667297094890536,5.9523788308671355,10.804394543727934,19.99897057338276,0.14533251291302032,0.22218090190803394,0.34298829774072914,1.9952623149693564e+25
10.821503578869482,21.053472837290826,41.70966488234074,14.49721681366375,25.19637274056754,43.40587169753174,12.09189435994373,24.245504014128706,48.925518603209134,3.293730147352423,26.75700703221418,225.5153072271817,,,,,,,0.0,0.0,0.0,11.939177097558073,21.225034630550617,37.805177213280196,5.913010655126239,10.788892252436465,20.08871477051702,0.144397093222403,0.22187600314203557,0.3442315152110374,2.238721138568878e+25
10.741225045226281,21.029099987994393,41.88143109594753,14.430839805678323,25.199061338589956,43.603398540423846,12.018281028111549,24.237050932151323,49.20991141532912,3.150385950052357,26.09487806743676,224.16250047243176,,,,,,,0.0,0.0,0.0,11.875405487973833,21.200356559712276,37.95013816997085,5.875890859572058,10.773323486388843,20.179244898825644,0.14347344763681663,0.22156973242599534,0.3454479334129055,2.5118864315101885e+25
10.668077553591628,21.002184464134046,42.0585967624598,14.366692033333672,25.205478847399363,43.803618153164024,11.945232812431675,24.229380389161683,49.506658443388,3.022730417842943,25.47037547108571,222.72827820737433,,,,,,,0.0,0.0,0.0,11.806241866467335,21.179635333485713,38.07336775080757,5.837569811570357,10.756716124091069,20.269413182905414,0.1425499533858348,0.22129750005229182,0.3468526133141684,2.8183829312651406e+25
10.587820044606714,20.976852351952665,42.23479356380011,14.298306710414218,25.20383233943627,44.001255335801936,11.86950800664053,24.21510302655632,49.79784516570871,2.8988304247533327,24.91089592288884,221.65731382861154,,,,,,,0.0,0.0,0.0,11.732555558371608,21.152893639365857,38.19210796768507,5.800967730366289,10.741814339374105,20.360371021056554,0.14157748009082385,0.22100263119497865,0.3483229125483566,3.162277660169155e+25
10.512699086948365,20.951331100887575,42.41974822390588,14.232009457575083,25.212151557606163,44.19126511864281,11.800465665704964,24.209380702443266,50.087000386338055,2.789713416166925,24.35013394472282,220.38717605840384,,,,,,,0.0,0.0,0.0,11.665380774504934,21.127027528269288,38.3229084460543,5.7612535140919885,10.730691067382121,20.44463812551092,0.14068720010889454,0.2207754366241865,0.34972185589867577,3.548133892336631e+25
10.43951848720445,20.911425756742226,42.60868406570363,14.166488105556859,25.216007758528473,44.385654598399974,11.728741353766873,24.20986368576638,50.394608879027714,2.6687881060484537,23.7731482181134,218.97452785980147,,,,,,,0.0,0.0,0.0,11.597869999552788,21.10142073192728,38.44268869784297,5.720406390530079,10.717876884644587,20.528320462992074,0.1398132066299579,0.2204294009921079,0.3510694244081476,3.981071705535962e+25
10.369098386699832,20.878325205431842,42.79805136242407,14.10264923849834,25.221641583727767,44.598273187852705,11.653699465235592,24.20685616603141,50.66439481631373,2.552106487082767,23.206622101439816,217.28909481885967,,,,,,,0.0,0.0,0.0,11.522606082764067,21.076515001747747,38.5542233724625,5.679848964543421,10.70634762014491,20.614316583530595,0.13891872635814723,0.22015013863341293,0.3524649140001006,4.466835921510749e+25
10.298199135087415,20.85808684182488,42.98666491583709,14.042719402886298,25.227064545153862,44.806851958468826,11.586597922935699,24.20679009945642,50.95082831793931,2.454930688369627,22.661714187269162,216.1484929928864,,,,,,,0.0,0.0,0.0,11.450562101454041,21.054040919919657,38.68694148741699,5.6402279321587,10.692304068746797,20.700784512219368,0.13805816916359503,0.21986679253634517,0.35396778228410264,5.011872336273986e+25
10.221532149038481,20.8384612098514,43.16674161724007,13.982411383158086,25.236752613236796,45.01128189746079,11.512602534321003,24.199705116129223,51.22143698046324,2.358131175256496,22.14258868610773,214.36667766592706,,,,,,,0.0,0.0,0.0,11.384540904715431,21.032280306050403,38.82095224315701,5.602369285984457,10.677778579952625,20.795625047170684,0.1371852122095258,0.2195991926128194,0.3553247289335253,5.623413251904916e+25
10.151648248557484,20.815337019407156,43.34699472468849,13.91758923070762,25.242320821376545,45.215338236272245,11.441186263201121,24.18840656299439,51.51333105757391,2.260380298820665,21.620668866783276,213.24533768848843,,,,,,,0.0,0.0,0.0,11.31643666703524,21.00524393686164,38.95080875306951,5.565885997449198,10.666760939627693,20.885887941332744,0.13626584358475713,0.21936942333949966,0.3567217506964401,6.309573444803543e+25
10.082339261206522,20.78943415945053,43.54178740947216,13.859824858970775,25.243651902089034,45.419531036757064,11.376606254235408,24.178375292715007,51.812427306033086,2.167687660930607,21.185409002509793,212.09898921727796,,,,,,,0.0,0.0,0.0,11.251410981398028,20.98173864334575,39.08967383659953,5.53180963507662,10.652088225952824,20.9727851381592,0.1353762932986353,0.21911863416702143,0.35822369925846176,7.079457843843198e+25
10.013310562596029,20.76155428383545,43.75516824880933,13.803108512337483,25.243147670841324,45.61951318732847,11.307458202445066,24.17252042823924,52.114294912148395,2.074347361073753,20.736845859367918,210.8060974036103,,,,,,,0.0,0.0,0.0,11.181703266106593,20.953240608157913,39.23201001810757,5.496131091648677,10.634471973603786,21.059699049167083,0.13447405749989877,0.21879510221978887,0.35960082409332755,7.943282347244869e+25
9.944105916948063,20.732638915153213,43.94163674043715,13.745827067319485,25.244894337816895,45.81178423093416,11.238730439456985,24.174466438283766,52.43362594233508,1.9932251118417859,20.264586855812713,209.7056633321608,,,,,,,0.0,0.0,0.0,11.110560167407735,20.92497702651284,39.37446255420457,5.4589806537593395,10.621592823678428,21.159846603471248,0.13356777659070654,0.21849177601157854,0.3611161353927099,8.912509381339773e+25
9.87443876547438,20.70843348835812,44.12878205571565,13.68263180890139,25.247698711206613,46.019365891596024,11.17157851626332,24.17078636378848,52.75317063245038,1.9136770720671643,19.79899003703416,209.07602821865063,,,,,,,0.0,0.0,0.0,11.040910692301376,20.894826137604124,39.51705601289364,5.4240648280192545,10.60967117173219,21.26195397937171,0.1327046163154992,0.2182297984602694,0.3624923959939976,1.0000000000002617e+26
9.806475364085335,20.67685108300546,44.33469100109651,13.620534505093534,25.251457187731617,46.223741782674026,11.109798390249015,24.167603400049888,53.0609524077025,1.8342062469169482,19.28982318529129,207.9934511606015,,,,,,,0.0,0.0,0.0,10.974135250209542,20.866945401764156,39.65571008963554,5.387229883183147,10.597378356072321,21.362123355687796,0.13181067513369285,0.21792646718756598,0.3637637285385893,1.122018454302259e+26
9.738979738761511,20.640779017788567,44.536694725463825,13.55842689283756,25.254330575519248,46.416377286615145,11.042631498429984,24.166238501250497,53.339522003206966,1.7587759730552905,18.835634930536038,206.70499780057727,,,,,,,0.0,0.0,0.0,10.908427303505434,20.841303810849524,39.79873862039088,5.351256803627189,10.58758398027572,21.467390138881786,0.1308991117844626,0.21762276364053487,0.3653357147952274,1.2589254117945009e+26
9.671958137471755,20.607325904816022,44.73369429208993,13.49540599314688,25.259158615328737,46.63125930253338,10.979081613075694,24.166711754021918,53.63966925095129,1.6811505318058941,18.391569182346224,205.17635509317935,,,,,,,0.0,0.0,0.0,10.843647067372986,20.81426053074263,39.94228315216172,5.318332538880239,10.574568751543207,21.561224415126773,0.13007415323797178,0.2173550808358092,0.36695108995086484,1.412537544623131e+26
9.605510422372214,20.580628807931703,44.93273131054775,13.435718720984193,25.258028025453406,46.83674958043959,10.911697219396709,24.159489285405066,53.95573649456022,1.617052245516072,17.939842978843863,204.39761653247655,,,,,,,0.0,0.0,0.0,10.783226984077015,20.785966063354184,40.09229699374501,5.28236179406618,10.561168181407485,21.652916192557516,0.129234765498296,0.21703966463341273,0.36871862234315156,1.5848931924615386e+26
9.539528526455795,20.55195069531087,45.12629902995425,13.37838555502171,25.2594226781766,47.04033671622684,10.841908842367591,24.147580396627674,54.275092319054714,1.553306809155905,17.51355353590534,202.9348422800601,,,,,,,0.0,0.0,0.0,10.720471075715267,20.757153474391664,40.236398100383724,5.246887858702504,10.546689208002405,21.74425855343067,0.12839048663664343,0.216743459281243,0.3702324890653522,1.7782794100394027e+26
9.474014000841635,20.524593226601038,45.31345743918961,13.321297042414736,25.26503302232025,47.24911512377965,10.775578096272,24.142923553928696,54.59998413604805,1.4882070430623426,17.093506371137053,201.80680087210573,,,,,,,0.0,0.0,0.0,10.659136228114662,20.730404476365983,40.37971781443497,5.212630814902317,10.534983349908883,21.83666874670168,0.12757119163982836,0.21647316393701024,0.37183201494458995,1.9952623149694213e+26
9.408949408751882,20.494105725043752,45.50413395910278,13.264548692498014,25.27077934055545,47.455446468210496,10.709988995844093,24.143735747529075,54.92572091811383,1.429528202055425,16.679588303790954,200.5598471751953,,,,,,,0.0,0.0,0.0,10.597108424299112,20.70707768341339,40.532882714466304,5.178703297191131,10.52117463803669,21.93000206072841,0.1267686377544306,0.21612069366830128,0.37327574050613693,2.2387211385689513e+26
9.344355224226097,20.46383192066625,45.687354313640334,13.20805606629887,25.272803875448744,47.66457368005711,10.644703020676584,24.144547969228455,55.24153459207611,1.3698319636754577,16.312347328341243,198.86137168578992,,,,,,,0.0,0.0,0.0,10.535669674159712,20.683456080021852,40.67080764400145,5.144882365121555,10.504171633076924,22.021901951922043,0.12592310366897594,0.2157847497536527,0.3746229502733297,2.5118864315102705e+26
9.280246373080852,20.430253672462065,45.88514763120083,13.151804037695177,25.275953289768072,47.87605166548982,10.581063650216258,24.144559507594398,55.54967846310929,1.3099619942245144,15.968907637150071,197.40029442628443,,,,,,,0.0,0.0,0.0,10.477060618207375,20.652716236657284,40.80554872114182,5.11032436076856,10.491825966322672,22.115335840671236,0.12505253739558242,0.21560681462311196,0.3761897347279278,2.818382931265233e+26
9.216577353822972,20.39455244992884,46.09770543207171,13.095791582000386,25.277019688622552,48.092840815475526,10.518923463085324,24.142042208790244,55.857633560540236,1.2524958097104062,15.612377865478742,196.2204170496662,,,,,,,0.0,0.0,0.0,10.413525359647739,20.627542961475278,40.95382501461459,5.077901720115518,10.480382357057177,22.208131087114953,0.12419827309108228,0.21532229109155984,0.3777234138137611,3.1622776601692586e+26
9.153345148895385,20.362286290437936,46.315458900233516,13.0400628240416,25.27837738292108,48.32090762741251,10.45396363112462,24.140464854736365,56.17696153393551,1.197629571499337,15.264000643506376,194.4959698478169,,,,,,,0.0,0.0,0.0,10.353065846131749,20.598039023849758,41.10050539978751,5.044739131197267,10.467468550800852,22.29839919480897,0.12337603793206489,0.21497866260193255,0.379261309300415,3.548133892336747e+26
9.09054676144359,20.333066993513153,46.53236516853662,12.98570970680073,25.284517490457446,48.531866097568745,10.388456738801432,24.136161134709283,56.49874433730047,1.1478765646229705,14.946436820014094,193.45140618767064,,,,,,,0.0,0.0,0.0,10.291316684580512,20.574069011209637,41.24758122666236,5.011662655901018,10.457520881694759,22.390385256007313,0.12253284831318159,0.2146740825734439,0.38071795897929606,3.9810717055360925e+26
9.027651865211133,20.303744711884633,46.72643627636254,12.931750379041551,25.289112190772016,48.75605159960881,10.329313876640148,24.125774627439398,56.835334501837735,1.1023737563137463,14.571368148280076,192.41245892907355,,,,,,,0.0,0.0,0.0,10.230966143583997,20.54867097119795,41.394489443796836,4.977099154896811,10.446544000035292,22.489609276628794,0.12167136925198399,0.2144166731112861,0.38219198469955895,4.4668359215108955e+26
8.964155214802355,20.272452031757574,46.91905356985957,12.875390666881225,25.293149931473796,48.97532695824486,10.264648171191116,24.118310865430708,57.157880123493335,1.0582847016383745,14.24417594621114,191.57077273585782,,,,,,,0.0,0.0,0.0,10.17096957144873,20.52328473742157,41.53960612181169,4.943537916223908,10.438379343735356,22.58866741741124,0.12086655546480471,0.21414759110228881,0.38374678028045717,5.01187233627415e+26
8.902084066076032,20.24213804479095,47.12508556042511,12.820559806622228,25.2926908246343,49.19361434942892,10.200387329405078,24.110107966392626,57.47713008387889,1.0137753406133003,13.908085105834123,190.35129283575623,,,,,,,0.0,0.0,0.0,10.107146812103476,20.498386639057887,41.685231566226314,4.910317256392255,10.428217004296782,22.688337850932555,0.1200570574959333,0.21387450632884764,0.385158712730782,5.623413251905101e+26
8.839472782352674,20.210077014133006,47.335915750145425,12.763299163999056,25.293149552651066,49.41287497068307,10.137583576848018,24.10015960074114,57.79982365959138,0.9736324361783003,13.587675613347926,189.14730899545367,,,,,,,0.0,0.0,0.0,10.04562158187062,20.471417721734994,41.83626580557474,4.87828352739216,10.413191078940558,22.795196538782232,0.11929051808672735,0.21360215639473848,0.38671528714634945,6.30957344480375e+26
8.775185739146766,20.179088074262754,47.54590672585252,12.70863210882495,25.29006966059377,49.6239241651386,10.074400632468853,24.096654238580967,58.13721323513721,0.9337632182879484,13.259613079579562,187.86009972173179,,,,,,,0.0,0.0,0.0,9.99054314680807,20.444485091994416,41.984865451790014,4.846238491169842,10.397616787682043,22.905632290843375,0.11851912620801629,0.21334067210151395,0.388349059843782,7.07945784384343e+26
8.71154636375767,20.144242653194187,47.75331528254974,12.653725892900631,25.290765777100475,49.834684336771005,10.012903928912657,24.09173798912864,58.495950739236086,0.8965857359378225,12.933364279659571,186.7637872238255,,,,,,,0.0,0.0,0.0,9.933702857901272,20.422657955664434,42.13605415952924,4.813809689405709,10.379615456294028,23.01639618966649,0.11773831725520506,0.21301476399412575,0.3900663625622712,7.943282347245129e+26
8.65013754383607,20.11731564107643,47.96593603799072,12.597632604290169,25.29133525460922,50.05223785221629,9.951995071320196,24.089606168190194,58.852360230793344,0.8616143191917847,12.620764021825465,186.00660285687107,,,,,,,0.0,0.0,0.0,9.873771284353031,20.397147136092855,42.27160018928139,4.780681282181219,10.362951896590921,23.126173698129154,0.11692271910709626,0.212694567705468,0.39178788563149086,8.912509381340065e+26
8.59404367546402,20.09528428337605,48.18116787048768,12.542215874396122,25.29611503836953,50.29748704346108,9.891147488786569,24.082746452775062,59.180668086911176,0.8285053688201707,12.345828866812631,184.93890572832242,,,,,,,0.0,0.0,0.0,9.816115414878327,20.37077650349636,42.41505428211171,4.747780888065158,10.35186713588204,23.225624915450073,0.11616173431775996,0.21236374727778612,0.39350031078383224,1.0000000000002945e+27
8.534085043471272,20.062074397304244,48.396297085432494,12.487843624674246,25.30267838572439,50.52614577560337,9.829101672270022,24.078345684349472,59.50838202013521,0.790163790480557,12.064291073288345,184.191800979281,,,,,,,0.0,0.0,0.0,9.757763410942013,20.346207603975067,42.565445036656044,4.715332315724094,10.336574525401037,23.337942049060356,0.11542265292446421,0.21209701842552314,0.3951496522602724,1.1220184543022957e+27
8.472891148404635,20.036029067125675,48.61414887677385,12.43577541891149,25.30350031927143,50.746151050878936,9.767617123493382,24.074435653917863,59.83791098961408,0.7601533371518391,11.799576946773223,183.08455799096478,,,,,,,0.0,0.0,0.0,9.699664165354095,20.31881472255789,42.70331458959552,4.683885623094071,10.321260095818827,23.44059564712137,0.11464086237881847,0.21180101430737064,0.3969466350935385,1.2589254117945422e+27
8.416592111074113,20.00987799512081,48.83107658223099,12.381842833150676,25.300908028954943,50.9666043784544,9.705089555573213,24.06896059928487,60.16863500884171,0.7280479722623486,11.540046617107102,181.85740315156855,,,,,,,0.0,0.0,0.0,9.636987198899297,20.291476851455585,42.849682929177156,4.65337010734075,10.310747410249174,23.542827247394047,0.11386915908472688,0.2115388528298771,0.3987006001751243,1.412537544623177e+27
8.360803891541385,19.980577533799206,49.05304073443079,12.329812278068907,25.301019008119283,51.18801542571585,9.645013283150787,24.06815534433568,60.498719580199385,0.6988743841520554,11.25075674397306,181.20019949649208,,,,,,,0.0,0.0,0.0,9.577376265394925,20.265124559050335,42.996763098121974,4.623484230172356,10.29901899036357,23.637359064639202,0.1131268376918679,0.2112320496590117,0.4004148139301551,1.5848931924615906e+27
8.302658022453555,19.95334665530439,49.2730513061473,12.277929089937562,25.302322421409976,51.407394975846714,9.585911408878356,24.068398888403706,60.85684220129774,0.6684745162092176,11.007933590037261,180.43150766182777,,,,,,,0.0,0.0,0.0,9.519445030869713,20.23578761633607,43.15876389036626,4.59324283710572,10.286809518715451,23.731260932471574,0.11240355294242033,0.21097157762461466,0.40206644102295147,1.778279410039461e+27
8.246903350374483,19.921499512628163,49.492061868768275,12.223949554162976,25.303625902967568,51.618513909976805,9.527041041058459,24.065296082850132,61.20138492071949,0.6409658127367832,10.754046231227772,179.52127439594932,,,,,,,0.0,0.0,0.0,9.46243125459964,20.2070373972137,43.31623511827255,4.563972524109325,10.273740736165403,23.836191449349215,0.11168939318894394,0.21063682690198826,0.4038368914087699,1.9952623149694867e+27
8.19106289369307,19.881873910314575,49.72104650368167,12.171246151636717,25.302115091566755,51.850102577254745,9.471592180130726,24.063866731298383,61.56177805267146,0.613876813682266,10.507602100411269,178.34947519755167,,,,,,,0.0,0.0,0.0,9.407109037927027,20.17641131630768,43.4658995651137,4.535984633575912,10.261843570089939,23.93512234161755,0.1109552759727797,0.21035475720263197,0.40548789448420836,2.2387211385690245e+27
8.132320639470215,19.8441593947624,49.94137413100407,12.119237282668504,25.295290817870757,52.072321684173374,9.417761952298726,24.062437565843208,61.913114601493554,0.5871714313316196,10.262701165746924,177.26390912723076,,,,,,,0.0,0.0,0.0,9.351075849971002,20.15172774526195,43.609243149148554,4.508565577466074,10.247484778145266,24.027483522481678,0.11023023218052055,0.2100933964407714,0.40723462235212193,2.5118864315103525e+27
8.079005291413136,19.82097273685462,50.160477234001924,12.067281603591345,25.294190936142087,52.29983291922331,9.360481797653602,24.058182151645536,62.27837932069613,0.5643463177108912,10.030899447134328,176.1847046615821,,,,,,,0.0,0.0,0.0,9.296411023679903,20.120555972002123,43.752965925204364,4.478448187035798,10.23419807498525,24.122755436532955,0.10948055147225552,0.20989208404717227,0.40905939322445234,2.8183829312653255e+27
8.025970530446017,19.800077413890328,50.38103481318037,12.014471722636769,25.289892004931367,52.52179165776667,9.303618602756275,24.052759399411535,62.648890372166,0.5411451319945142,9.800042813411897,175.13850600557942,,,,,,,0.0,0.0,0.0,9.236851792710592,20.090868735900084,43.89860708737583,4.448424690516975,10.22162853421731,24.227012065063892,0.10881177923270165,0.20955050964429145,0.41082520092356284,3.1622776601693623e+27
7.970885652884093,19.782516060095254,50.611969112974954,11.962705864886756,25.284605794084477,52.745908431962775,9.246974311108623,24.047338115566703,63.00799756102919,0.5199990638216666,9.571567050934094,174.09455958461268,,,,,,,0.0,0.0,0.0,9.18049417010476,20.062389986975262,44.04446860182604,4.419830727382262,10.209336876058746,24.33461957200058,0.10812117504308394,0.20924475049673946,0.412458956597283,3.548133892336863e+27
7.913225545081071,19.757805864140263,50.83067887182319,11.911163088887418,25.276436650940788,52.97314456164279,9.190674902030786,24.041918299669113,63.39463482014567,0.49729679382524955,9.342642455499691,173.30560073909902,,,,,,,0.0,0.0,0.0,9.125637521243844,20.040518399586446,44.190286888942204,4.391479061076749,10.199026169688164,24.44134188458758,0.10741740286752867,0.20890172665288242,0.4142232473949959,3.981071705536223e+27
7.857269386578553,19.73496842401731,51.05670198075804,11.85925784829131,25.269943296738447,53.20310067708103,9.134908330738549,24.039946349872306,63.773038170414864,0.47785307291467116,9.126811044911275,172.42142807094922,,,,,,,0.0,0.0,0.0,9.072792103488007,20.01912186093282,44.34051685015676,4.3623867616973495,10.18679606696714,24.548533582235766,0.10665982063757005,0.20863599225645557,0.41599942925631656,4.466835921511042e+27
7.801584394678612,19.70884475333841,51.294589530478525,11.803384786354025,25.269109160584318,53.43743942056597,9.079492088119844,24.037596367777653,64.15018768653304,0.45973584741602086,8.902799379700511,171.71718805422813,,,,,,,0.0,0.0,0.0,9.02089086272642,19.993471051073584,44.49235920458252,4.333538466412632,10.176481366771238,24.655253706617103,0.10597825120742688,0.2084035115378433,0.4177583459487602,5.011872336274314e+27
7.748601821370989,19.682201645215454,51.53126968331552,11.748861655100008,25.266641263699746,53.6710591491401,9.02514916379385,24.033626811132876,64.52956781611478,0.440711845375545,8.697534288100325,171.12293317254316,,,,,,,0.0,0.0,0.0,8.971702953062152,19.964261492471213,44.64472154550196,4.304891794784816,10.166177168862346,24.768483854890814,0.10530002338571405,0.20811560223964157,0.4194162785879075,5.623413251905285e+27
7.697002430089171,19.65297538408552,51.76315994614848,11.696919671909015,25.269198620548444,53.921888878169014,8.970295138784145,24.024461516468374,64.91119175292005,0.4221226616116341,8.502236577906299,169.90172939341127,,,,,,,0.0,0.0,0.0,8.917301456845733,19.93408240586684,44.7976056536457,4.276219776677487,10.156397542049437,24.86497893618442,0.10460103105908483,0.20790504473094396,0.42105435045769574,6.309573444803956e+27
7.643783501209173,19.617249587332047,51.995533608715014,11.645401034151883,25.26934517407239,54.16113673116585,8.915774511911318,24.017404642777922,65.29858439029131,0.4047647169158045,8.299413545936606,168.57328101094123,,,,,,,0.0,0.0,0.0,8.865448110353297,19.910572568559626,44.96114766139728,4.247723512695789,10.146368757232555,24.97575682290175,0.10392611844876286,0.20770650072870134,0.42269770686774794,7.079457843843661e+27
7.590559503585722,19.585474827891534,52.22714199221508,11.594109308290918,25.272381509466918,54.39775243990828,8.863449158809274,24.007889138365314,65.68559143521317,0.3892256457675125,8.10911157411281,167.59479485709014,,,,,,,0.0,0.0,0.0,8.81389656813317,19.88761797118707,45.12805400705013,4.219417147761181,10.133011863232673,25.090386620501516,0.10327955180905946,0.20746899578701086,0.4243720507998558,7.943282347245388e+27
7.538868057608053,19.561796564606777,52.444782998948405,11.543043494901172,25.276775533267262,54.65634688041357,8.813342802693413,23.99479869792267,66.0556220822527,0.3723746591173786,7.946201911807786,166.58195333978293,,,,,,,0.0,0.0,0.0,8.761620813757036,19.860975146775175,45.29553371278881,4.191299416366311,10.118488551970753,25.203704580789253,0.10259456180875087,0.20720436130876935,0.4260337968407969,8.912509381340357e+27
