Model Size Low,Model Size Median,Model Size High,Reported Parameters Low,Reported Parameters Median,Reported Parameters High,Incorrect Eqn. Parameters Low,Incorrect Eqn. Parameters Median,Incorrect Eqn. Parameters High,Correct Eqn. Parameters Low,Correct Eqn. Parameters Median,Correct Eqn. Parameters High,Training Compute (FLOP)
21.608636292306695,25.67023503639963,30.136617584001996,21.814295299229865,25.972644147373146,30.557165342812965,21.393467371811635,25.356004950677146,29.695651397269845,21.973103395049694,25.881225136866355,30.110234975426653,1e+18
21.66949644791831,25.59750014186651,29.865888210991216,21.85092628805969,25.88729024588391,30.279374758402714,21.437178095549708,25.290056754620196,29.460692807521806,22.050583320746533,25.852133776676943,29.916437859838585,1.1220184543019653e+18
21.717350031853634,25.519503403839217,29.61564852092459,21.903274294154446,25.80522615627158,30.01635976099402,21.483133994809727,25.21796685969647,29.23596496477776,22.11710581863305,25.8098341745893,29.734058743060356,1.2589254117941714e+18
21.759725468982865,25.4431925417461,29.365069154549676,21.939730013268303,25.723132194962908,29.755905432562162,21.521156834013855,25.139951453008216,29.019367530195225,22.198833147110033,25.77894898814086,29.566567496630636,1.4125375446227612e+18
21.807423835043526,25.383696883162173,29.129931684325122,21.983849353303818,25.641969672491896,29.51936969547396,21.577077307137202,25.0730268548811,28.811046635340954,22.27885475412123,25.746656445571585,29.394872061325994,1.5848931924611238e+18
21.86256078157551,25.309963334359885,28.911891280303728,22.027077397993207,25.555561803807034,29.270447062769296,21.62690634369417,25.00714561830288,28.595204393926863,22.360976676859732,25.714620801767033,29.225110067993434,1.7782794100389373e+18
21.9065045461003,25.229846567306943,28.678236485937127,22.063130332365922,25.471806669432663,29.022939944605817,21.676760673849337,24.936115258119624,28.386221474584637,22.437834866557054,25.678855349474933,29.046335446393773,1.995262314968899e+18
21.960180994137517,25.158175654060567,28.45760519445933,22.116279355034035,25.390479775908407,28.782066168877225,21.720078709632265,24.866153706748463,28.171783447245932,22.515439229511543,25.641922161086658,28.872392554220482,2.2387211385683653e+18
22.009593296383862,25.085919655004027,28.217591114508966,22.15227456024457,25.308806011360062,28.53446219815727,21.75374103472513,24.801961381002833,27.952351878008788,22.588737394338754,25.61533730608468,28.704970593163036,2.511886431509613e+18
22.058020232442825,25.016578775789693,27.993164642381114,22.1921827857607,25.22990731776607,28.29452769312366,21.793037547646783,24.73416227259333,27.74334934859658,22.656936961089368,25.591717876838693,28.531869388182905,2.818382931264495e+18
22.10939166639534,24.94638787540597,27.762830568876883,22.244546109123192,25.15141477052022,28.058793010852042,21.832489061531774,24.67539597790285,27.54811274876149,22.722811043395243,25.558504890092358,28.365074274614727,3.162277660168431e+18
22.15536160761844,24.867171965156373,27.558231241205945,22.27784145813479,25.067051151702326,27.842203701629455,21.86183364429701,24.601062732727733,27.33996263361895,22.79597182310426,25.520093508716574,28.205104367275286,3.548133892335818e+18
22.19999562748536,24.789569223217974,27.341032741238575,22.313880825124993,24.974903563334642,27.605809454072418,21.915758812572488,24.530780265303676,27.14927869910355,22.874866453784303,25.480264177802106,28.060506701753056,3.981071705535051e+18
22.245843656118605,24.70960601113962,27.13923140894546,22.353879278157148,24.887893727343616,27.387554997978373,21.943769403931846,24.45798470147701,26.96158615209665,22.939825650372175,25.445343441677974,27.907761094201014,4.466835921509726e+18
22.293157957724706,24.63357481159265,26.943899994025944,22.394589011606097,24.80680880593271,27.182986061264295,21.978031731158705,24.392030661123755,26.775650635336742,23.007602174916062,25.40635259013189,27.766117472837983,5.011872336272838e+18
22.320389377663158,24.5651412522799,26.74421143642841,22.419254358349125,24.723139776270365,26.976734177156516,22.015295011704914,24.316982194423836,26.60367337159838,23.073888800729286,25.366876145551046,27.62353525161187,5.623413251903628e+18
22.342808509904394,24.49241437035542,26.564611436259646,22.43984307494399,24.639682632770214,26.776908079031447,22.038154765764308,24.244929118706686,26.42208864489301,23.126909009166468,25.336132805433365,27.49396262344284,6.309573444802097e+18
22.366019547803457,24.41407987646614,26.39417067968012,22.457184091016924,24.554020124869574,26.586067195174582,22.05884986618813,24.176772030239565,26.25088930295638,23.180220394291595,25.300759304317747,27.359148587585395,7.079457843841576e+18
22.379779415517802,24.338280173378948,26.225825766459117,22.46269076781032,24.465550377863504,26.406744718919093,22.081121710605174,24.105583083267724,26.081688777567532,23.228001867385355,25.260115750796004,27.2360980871916,7.943282347243049e+18
22.385116067028054,24.260168114737525,26.06909002120941,22.46135540178339,24.381232362435497,26.23946795734769,22.094323659876377,24.032850300876717,25.927810668693855,23.26603012929946,25.224671021430126,27.124534545208334,8.912509381337732e+18
22.402962667714668,24.185605979751518,25.924124062228433,22.466955365666387,24.297961429233503,26.081133542495966,22.10236408687033,23.964613530249963,25.793482753830315,23.301255281585625,25.187314961856895,27.025854904789256,1.0000000000000328e+19
22.407395699394996,24.11313387096208,25.78609063272383,22.467659243534573,24.212097136832256,25.9242157876819,22.098379487887268,23.896996978511638,25.662323132041067,23.331831426723017,25.14765622775206,26.920799676976106,1.122018454302002e+19
22.393792960660193,24.026692832156606,25.67458378634551,22.446905929651304,24.120623909951593,25.800883237448527,22.093231571432238,23.8221076681669,25.521417470456452,23.366709488812045,25.108742676050134,26.826575863993444,1.2589254117942125e+19
22.371323936354496,23.94593879798107,25.563866023105685,22.422239646649984,24.035693687918798,25.67599873038495,22.093409904283142,23.747119696248205,25.387649935769705,23.38838234678736,25.065218892653917,26.763766201933976,1.4125375446228074e+19
22.339125761655126,23.87216619175622,25.458055276932576,22.38626557881098,23.949705562240922,25.561126601661524,22.075117008672034,23.673033195679288,25.28291845176017,23.400429187440235,25.028026153912187,26.68648418055373,1.5848931924611756e+19
22.282476656702762,23.800668632123433,25.37004268826355,22.329127887195607,23.870549296269466,25.464749216774255,22.050842241784817,23.602618248688497,25.1925377691474,23.39605043357701,24.986339267322784,26.632652577023514,1.7782794100389956e+19
22.229731850898077,23.725026631812455,25.2979026045718,22.2742541409708,23.786526204245472,25.376477277854928,22.01160910922871,23.53826467302303,25.101233335964935,23.366145662093018,24.954321688867424,26.592412028316932,1.9952623149689643e+19
22.170380660551526,23.65391622050383,25.22993291238166,22.202276993256678,23.702869037761232,25.297849828568143,21.95981165001079,23.464135970041966,25.023319254270774,23.350064839096973,24.914391567991153,26.555449522469527,2.2387211385684386e+19
22.09731393327079,23.579530653407453,25.172287191560066,22.12775973024524,23.623897174120216,25.231158367805527,21.911282606163653,23.388906068213977,24.952736543859846,23.31391815323994,24.876360522653076,26.538778456140008,2.5118864315096953e+19
22.018430910611535,23.511327264313067,25.133347035278852,22.040984419499033,23.546877120746256,25.179156529254207,21.846362461486798,23.323708488694603,24.903707548962878,23.28652856115919,24.842500830996002,26.522352650511937,2.8183829312645874e+19
21.907839214515008,23.43949594024828,25.101537703528525,21.933583206346995,23.46600609850587,25.13045876924559,21.78253182535663,23.25492900082147,24.847333096774957,23.235149955572393,24.803870897432127,26.50719502376688,3.1622776601685344e+19
21.798573393985766,23.37308086370289,25.091456455708155,21.816488490183257,23.39071255141021,25.106482726073033,21.704597793473237,23.18764687290692,24.80329115440722,23.18066866622335,24.767979515028813,26.507177312530033,3.5481338923359347e+19
21.67797326134489,23.30265569737341,25.08130401025024,21.692335133384354,23.313813855978324,25.087149033091535,21.611084177770067,23.11912055958203,24.77907183898259,23.110347428196285,24.737532725560676,26.525606125506044,3.981071705535181e+19
21.55273704708167,23.240165441780107,25.092932317784573,21.558917397988555,23.242107485347773,25.080968919000696,21.51307970065523,23.057220099993877,24.76884638770944,23.030626254599987,24.714428430605416,26.558642251732802,4.4668359215098724e+19
21.410300968775985,23.16844312568552,25.099939094122657,21.413398089457488,23.159311223845997,25.080070618592025,21.404579959143135,22.99630021092443,24.75457193454984,22.95071462664191,24.676790154138175,26.5872604585257,5.011872336273002e+19
21.267493385530333,23.102848865694,25.12284591143777,21.264606144612014,23.08620063900891,25.08320349618176,21.299115734356043,22.93307547583649,24.750052607752966,22.862604866009487,24.643250834629043,26.62513821123143,5.623413251903812e+19
21.130055888544604,23.031572410142402,25.14618346438579,21.119647048562097,23.011794666215255,25.102837881126256,21.17352454664336,22.864332541400998,24.750737756056346,22.763932636706652,24.61129487761837,26.669044982337837,6.309573444802304e+19
20.99068020246312,22.96541550044678,25.173982528444004,20.973676388883582,22.934890080636038,25.124209064439512,21.052575368751008,22.806260601481867,24.75525824920558,22.64213915132729,24.58122375484544,26.727423517564418,7.079457843841808e+19
20.842453452307197,22.906465359100856,25.21234156029877,20.82131899141537,22.863720507245628,25.145117641223596,20.908567901317348,22.744259809619955,24.77241250674035,22.54053005065465,24.55164116595325,26.77830308046133,7.943282347243309e+19
20.699057252271587,22.848518794023143,25.25221628495585,20.671639254321075,22.79292081176485,25.189498395689263,20.781081025493133,22.680348713941754,24.791126682329715,22.42748818804748,24.520637971717935,26.848890689565444,8.912509381338024e+19
20.54350155915464,22.7821169651018,25.298294660869544,20.504241007028174,22.726719208448394,25.220630798350996,20.654847009197688,22.618322007729738,24.817062242695293,22.324683859723994,24.491996999108366,26.917485145623843,1.0000000000000654e+20
20.382821305850257,22.71843138479433,25.33065525070953,20.336397210632242,22.651261021958046,25.24686872333672,20.5137145085293,22.571952722399935,24.84835904557557,22.210922590001672,24.474022456715677,26.990841131350745,1.1220184543020388e+20
20.217990352190366,22.657893609575822,25.38748782283427,20.179911782079703,22.580758694808658,25.281761429241325,20.3819957857814,22.505080490699484,24.88430808231344,22.085666954448307,24.43143363449331,27.06847277155186,1.2589254117942537e+20
20.06560690044747,22.597784249108074,25.445223782273985,20.009635114882308,22.5130928561142,25.332229331079493,20.24228158866976,22.43769482644411,24.910610556491367,21.960993155640935,24.399046721499445,27.139286503490425,1.4125375446228537e+20
19.914040032286657,22.5282645396153,25.497786730984135,19.852427004580104,22.4420578218258,25.373831226929433,20.088239835358237,22.383993498910556,24.946690690606864,21.837681344015852,24.370451289756986,27.22762012331262,1.5848931924612275e+20
19.763276271779425,22.4628377243404,25.555156374411684,19.69223937663951,22.370004159450403,25.424035037249133,19.95769754628246,22.31699070330848,24.984970081748997,21.71246352802273,24.33821770353891,27.307256105775956,1.7782794100390537e+20
19.59831051547338,22.393127204129456,25.61350789592494,19.530199230669943,22.294895483239593,25.471124361978234,19.810671647771283,22.26314300297044,25.037772190079036,21.59656996482455,24.316025527446786,27.392419847233757,1.9952623149690297e+20
19.44383290460171,22.334737614383336,25.660836932451634,19.362364649242423,22.22098974325467,25.515440359794788,19.660639725845964,22.20832450794809,25.08212511218189,21.470325282425897,24.288107224533746,27.473459286692727,2.2387211385685118e+20
19.28811613264934,22.26733545179519,25.71987305757739,19.20050381940222,22.147216436788028,25.561032519246147,19.518495717432206,22.149259655064665,25.12686604206405,21.348350336269796,24.255354252282654,27.564492024055117,2.5118864315097773e+20
19.13226619108554,22.199899298551657,25.777551358082718,19.03818650369927,22.079353518037593,25.61743807536086,19.387337311069178,22.089416534482474,25.17604808175095,21.21153298497682,24.2223419519823,27.664949953871407,2.8183829312646798e+20
18.97027543333621,22.128350329315392,25.848357060877337,18.878297743991297,21.999593261822028,25.668674503050823,19.23612427581245,22.01973517544186,25.231557474662452,21.10107990780737,24.199374554099958,27.76980767503685,3.162277660168638e+20
18.813057875602762,22.071958652894676,25.909074076064815,18.709456426228872,21.927272417294198,25.72166923165388,19.08468390077411,21.955311488821067,25.290776075608502,20.97186338988876,24.16493833233787,27.877404169771143,3.5481338923360505e+20
18.6601321503337,22.008089606169335,25.9856240398711,18.547848095262104,21.86085429381191,25.779253932023455,18.94295687540754,21.897256748681592,25.336051211580553,20.83351725771325,24.13687841881379,27.948342106613694,3.9810717055353114e+20
18.50033152488444,21.93997205706082,26.04488736638965,18.382642347736088,21.78576846363474,25.848900225927146,18.79323593174769,21.834930903554888,25.37946258436553,20.704202215461372,24.10751750590771,28.047959299639167,4.4668359215100186e+20
18.351033523851758,21.87942773081557,26.11289121502738,18.224084550562658,21.715217018252243,25.899123908481748,18.645262249670253,21.776416763960256,25.43329266983337,20.575514023708294,24.07760922140382,28.143691484314168,5.0118723362731655e+20
18.18700983227186,21.819334773601817,26.17729696492519,18.06876222019421,21.64981816775954,25.956732365136563,18.494725812292366,21.72316247712868,25.49137228840176,20.442968029201705,24.040173100861118,28.24212176405511,5.6234132519039966e+20
18.046217126816593,21.758799628950506,26.238421681559274,17.90374424321209,21.582726006751024,26.0214719804909,18.349203713550466,21.67133900252773,25.559762329113646,20.31266394876451,24.01567410496572,28.3570134352024,6.309573444802511e+20
17.890160862205647,21.703073914323,26.306639287732686,17.756804743886796,21.515594001278018,26.075676618169513,18.22057275070131,21.60328528552941,25.610368518476207,20.189475266605182,23.994674085444167,28.460546742835533,7.079457843842039e+20
17.73407903536254,21.642099033300816,26.369997454470212,17.59686718495558,21.44844035819758,26.1240394097052,18.07752381074161,21.542178458353565,25.664429353724245,20.0624310736974,23.961464118253744,28.57174683943832,7.943282347243569e+20
17.592663671402903,21.580948431352837,26.449077741338193,17.436960380789806,21.383549936016156,26.189553563971113,17.934275314588763,21.47735556373632,25.734166312701447,19.94507116153717,23.928555781547267,28.659988578029406,8.912509381338316e+20
17.439195150901277,21.51977979817404,26.513885923102343,17.287567341523914,21.318137564295284,26.24783615538832,17.80148641231753,21.42752724167515,25.801773763442245,19.819934394025285,23.89232557268317,28.775687090736643,1.0000000000000982e+21
17.29007642486449,21.45528973774399,26.586198586698522,17.130365938732936,21.248490285687375,26.311471404412433,17.65660907205717,21.372583855500373,25.85421436888053,19.688109576664342,23.86373378448964,28.887703780883903,1.1220184543020754e+21
17.144011795569327,21.39402270392968,26.665412751182327,16.979725756707634,21.18101171433286,26.38305809285513,17.517140326477676,21.317850764106982,25.91735652949482,19.567823398240165,23.832944831519022,29.000132159723048,1.258925411794295e+21
16.99858805985594,21.341124365598724,26.749100756269783,16.826319591410773,21.10942720659184,26.44953921706606,17.38297613232577,21.250085547255615,25.978847068489628,19.457885567810674,23.803238064652845,29.10676315699851,1.4125375446229e+21
16.845092884251134,21.280254041819074,26.83123912670825,16.67825984694102,21.048024299971743,26.517621805043724,17.24262505310167,21.197781300227945,26.040004575789922,19.335818026257073,23.768393035085282,29.22218115637764,1.5848931924612793e+21
16.697182361339976,21.2115819960907,26.898220106169184,16.52628279475687,20.978570591095988,26.59053366551149,17.109111497805703,21.129429840123976,26.103627860191718,19.21870252757425,23.73731851277681,29.324076129796406,1.7782794100391118e+21
16.55958462378139,21.144319105822085,26.963350396220207,16.37525174097374,20.90465640140654,26.640086189341194,16.981573115661913,21.07765628819545,26.158619123289675,19.099633816470394,23.710214146724418,29.436978103412912,1.995262314969095e+21
16.42248102925796,21.07690523118861,27.05053090862254,16.234029864759147,20.831765427902486,26.71212310703843,16.848476336490908,21.018739643030923,26.2088844111754,18.969194105805617,23.68459582667737,29.539551026383567,2.238721138568585e+21
16.28850414629856,21.021819259532723,27.12181532711424,16.096762051876755,20.759653803012448,26.782856330880232,16.716712894021676,20.96219734879171,26.265653911284062,18.85386751022186,23.652247200952782,29.648261272083886,2.5118864315098595e+21
16.1508904939746,20.96048483778171,27.191317660243016,15.952111031391034,20.693098604844227,26.8399085807553,16.586437765313935,20.903297172141578,26.334026279341796,18.738658890839446,23.625626942478945,29.762941329527795,2.818382931264772e+21
16.011862883818743,20.902724177048277,27.27683083690656,15.809029651814619,20.628401460491304,26.902959474253937,16.445974243641988,20.84674645813915,26.398058047623838,18.617300167599293,23.602105953892227,29.88328396810096,3.162277660168741e+21
15.872689664954056,20.84445146029068,27.356189223512857,15.672284916488692,20.57144955932212,26.97822696127546,16.324473398394304,20.79705120486742,26.460138042185463,18.49622986516611,23.574548645563368,30.001343209161696,3.548133892336167e+21
15.733967827662985,20.781754941539525,27.427103571202135,15.52309726809497,20.50046709683017,27.049143938730683,16.196319651978406,20.738616205385625,26.519917754930994,18.373886614579057,23.5417915531267,30.1236436867807,3.9810717055354415e+21
15.587125078991226,20.720709033603264,27.502374672066153,15.382641941025991,20.43388864307944,27.111326051057013,16.065630061390575,20.687933102711604,26.599827961313768,18.264120182243726,23.521295114434967,30.240494672776563,4.4668359215101646e+21
15.455089243074555,20.657108927832333,27.576718842605974,15.234437940998642,20.36394130889389,27.18542814458927,15.928293866297208,20.634688028179376,26.672774477888833,18.152137210864808,23.496566318501507,30.3551302982336,5.01187233627333e+21
15.323362327616769,20.597694700628278,27.65820802184161,15.101541580872546,20.297831227630212,27.25142996926213,15.79816180103147,20.57536783444192,26.747318158382853,18.03981184484848,23.467367517317832,30.476146267218017,5.623413251904181e+21
15.187243389308009,20.53468700482481,27.730946655280476,14.970371419458802,20.22827502410734,27.314424590310804,15.678489993380843,20.520800512345296,26.822185797978666,17.923046080399402,23.43388930922157,30.596284216846136,6.309573444802717e+21
15.058051814455723,20.473880011805583,27.804126467503732,14.827974890773774,20.158358325994833,27.378043739204298,15.565617667213772,20.46025022372757,26.894388414065105,17.805611209157767,23.394873536136785,30.718096513783493,7.079457843842271e+21
14.935479994194035,20.413284153188904,27.893358322997184,14.698219754126681,20.090577552154745,27.447483869797683,15.441773722032176,20.405295497022674,26.9714669529105,17.684569466773517,23.36066778935887,30.838101906426026,7.943282347243828e+21
14.810013805692472,20.356647684556826,27.96537939268884,14.572063602076614,20.0247597486128,27.516698958874297,15.313645428871332,20.344571940537584,27.03458639034686,17.573852554697744,23.330489319625087,30.966093025672393,8.912509381338607e+21
14.681782819476195,20.30004698148594,28.05013007326777,14.442605912591844,19.963407846686486,27.580750206734926,15.191822620361345,20.293176421845004,27.103962485094925,17.460905685067623,23.30035617736322,31.085583719249396,1.0000000000001309e+22
14.559321148530206,20.24110418562705,28.12914979212854,14.314437130499584,19.89914486565819,27.651447082920892,15.076681406647353,20.239328025494785,27.1768318674235,17.343860789297377,23.281973201421618,31.207932614956956,1.122018454302112e+22
14.435074226630928,20.17661068253399,28.217647439837062,14.18882727693339,19.835002573535192,27.72129800115618,14.95560919861724,20.185723796664995,27.244466118086798,17.241951501774484,23.24962955985479,31.33508030327137,1.258925411794336e+22
14.312933912941526,20.124936100369002,28.292376938996103,14.061752526926911,19.76763011253729,27.8118650596509,14.84240299751428,20.126375917100496,27.319977858815104,17.1381577405249,23.224348529321112,31.47236569778045,1.4125375446229461e+22
14.187643107678333,20.069439159468672,28.369885384643705,13.937459808675014,19.71093565693232,27.868217986414376,14.727469597127687,20.068260134059784,27.38693050842556,17.025121325197727,23.186834416556298,31.605955912926447,1.5848931924613314e+22
14.06557982051482,20.011913793212116,28.44366168221407,13.809078704290714,19.64943743878812,27.93536669846754,14.614200647689733,20.007900369190445,27.463571449210608,16.925683357799393,23.153711842929035,31.740041376722793,1.77827941003917e+22
13.944446086621504,19.947574982260882,28.523668042355688,13.685467109525277,19.58534954518536,28.003753139655707,14.487928348231435,19.95083608762947,27.53251918588032,16.819852483006088,23.132836713725,31.870164483117716,1.9952623149691605e+22
13.824355574526187,19.890904560752553,28.60990411628931,13.561841055830914,19.513237481963348,28.073098786519296,14.367536590392783,19.893887761447957,27.605280978573724,16.70619051906502,23.094906354648778,31.97950573801432,2.2387211385686582e+22
13.703547685118364,19.83247925930307,28.692768723293643,13.439089661870366,19.45443244625063,28.147531939534097,14.254565707893168,19.83534553878073,27.672451709982603,16.596007908989684,23.05918244519234,32.09588557424161,2.5118864315099417e+22
13.585495287520196,19.777691503860133,28.776014254466485,13.317633147464928,19.389022677067747,28.221313074254695,14.138279953197062,19.779381319499585,27.733488683348813,16.485560226845184,23.02610321781549,32.19847189727181,2.818382931264864e+22
13.474054908489007,19.72431990539189,28.855883721131352,13.198010573594555,19.326545575495295,28.29448627299505,14.022698719348476,19.729167166619906,27.790439711147002,16.383531384517706,22.998526737217297,32.31303761205347,3.162277660168845e+22
13.360415084707519,19.663822404706863,28.9387238999907,13.08506522144581,19.26822860380306,28.363235167917647,13.908153820640399,19.677601274790295,27.85587280638546,16.27312150043346,22.967966055713674,32.43836531229417,3.548133892336283e+22
13.246746674817585,19.61320098608067,29.022265570851292,12.970330826069675,19.20278920770506,28.432261785452813,13.800009310956678,19.630788787596153,27.90566980482478,16.1764900220912,22.940486035124316,32.58299459163326,3.9810717055355716e+22
13.132345405805763,19.56624186991457,29.108530195541057,12.856921395209241,19.148138220117218,28.507857502541047,13.684977165287366,19.584355848818575,27.98222074114415,16.07352574599205,22.915925835144712,32.708021453377285,4.4668359215103106e+22
13.013060953754854,19.514176931945862,29.19895497566499,12.742075341712834,19.0926521970918,28.583392090673886,13.573791261122489,19.536059865227568,28.054208950359804,15.96643944757714,22.888643644050617,32.83307292296831,5.011872336273494e+22
12.899738355527912,19.459201218426266,29.278537350551908,12.619770227888507,19.034394798027556,28.661152129219133,13.46963422865009,19.486690140028337,28.13557306724608,15.861232082024031,22.861655857164827,32.954104213204104,5.623413251904365e+22
12.78458559000098,19.403001476824553,29.373035855231585,12.500530481242834,18.97696212121088,28.73447308647742,13.358756714977673,19.43279650391434,28.19567703011699,15.75301345975532,22.840628872776243,33.09357455760959,6.3095734448029235e+22
12.678014302833422,19.35395223326029,29.459296524076933,12.388931855113881,18.9166518029159,28.81203836960304,13.243084564611115,19.374128668197862,28.261731245291898,15.644037530431078,22.812684346295445,33.234434675299354,7.0794578438425026e+22
12.565803775652148,19.296315421615915,29.546316689065726,12.277725627702976,18.861315459125713,28.890138438205952,13.132322464235237,19.313609495867034,28.329166861866383,15.542344139493942,22.782630767651852,33.35645680355185,7.943282347244088e+22
12.454389444480723,19.243125266980947,29.63342808437383,12.167328072841395,18.80045989846196,28.963521643425924,13.030983911636133,19.26397056920345,28.39364134091496,15.443205708364118,22.74825944355743,33.4780384359001,8.912509381338898e+22
12.348145124261343,19.190287231579948,29.713162232117806,12.054400169924566,18.746738455856615,29.041149678852722,12.93378260131684,19.214685850386623,28.46970121734869,15.338004355476615,22.720270287756577,33.60412550604394,1.0000000000001637e+23
12.240735766127473,19.134879584135113,29.80620368354108,11.947608162071427,18.683032919596727,29.116285719368587,12.835334329305603,19.162386165726893,28.545921867327543,15.241279373301367,22.689478815985566,33.72722124870167,1.1220184543021488e+23
12.134439446601252,19.077728621622647,29.89582613730615,11.837138538864908,18.620832432427907,29.190137313230625,12.73718328064613,19.10134578255714,28.60903921872116,15.144114910351947,22.667131771648485,33.83689009784625,1.2589254117943773e+23
12.03025328460649,19.02041232452722,29.987213175118427,11.72958295133188,18.558758537713437,29.268908524983893,12.63243568823136,19.046750608824016,28.67495908737442,15.043869005445544,22.638125905507664,33.96417782069344,1.4125375446229923e+23
11.93114620414123,18.971238816310645,30.075610712925293,11.627294599172444,18.49619976996552,29.348300135064335,12.531996201138586,18.990696344439364,28.741437292287998,14.944185176911466,22.600492445145903,34.08989370405389,1.584893192461383e+23
11.830065485031248,18.919951330275367,30.17333831808696,11.524679717282373,18.44366740855663,29.430488223592278,12.430712805362532,18.937297719759147,28.80194340708865,14.846025778483362,22.569490478060636,34.22837388749877,1.778279410039228e+23
11.729997927917433,18.849562630240484,30.264641155257134,11.421351581551116,18.382084633931484,29.507805841541774,12.332506856560551,18.879683917776006,28.884037928475422,14.753645658476747,22.5242978856575,34.35796528848052,1.9952623149692257e+23
11.631287351093112,18.804301805171097,30.350200754877648,11.322260735452979,18.317193277265567,29.592800498629003,12.230128723659687,18.830680779715763,28.95902042993789,14.657559358924072,22.492958827849602,34.490086272622335,2.2387211385687316e+23
11.531917138326364,18.746478334344943,30.43938176494542,11.222964279665417,18.252832644986647,29.66721485787836,12.134797286929901,18.77456279728832,29.02907660267011,14.57211430340908,22.459063994567003,34.61888930617903,2.5118864315100238e+23
11.432458594202966,18.68930547651029,30.525765944970704,11.123779633278897,18.19892521734716,29.74662389597191,12.035504553076422,18.728129892107855,29.10174784574314,14.479666947363942,22.44266046553295,34.76094283564277,2.8183829312649564e+23
11.331735930223298,18.624713534342163,30.606085934170995,11.020022950793273,18.130592659427315,29.823028512421224,11.936321411000693,18.674058683975613,29.17738278500025,14.388443772069115,22.410152268754025,34.88623324000102,3.1622776601689484e+23
11.231668781622945,18.56512342589037,30.695812197228182,10.92040281222189,18.064104455781262,29.88777535390013,11.840831008225338,18.626660953193827,29.263920213896156,14.298303056234245,22.37739226067636,35.014074832011374,3.548133892336399e+23
11.13415044250099,18.505947661580464,30.792329941221254,10.821583719419458,18.001223320287703,29.962979873419116,11.74425263179108,18.577416735466223,29.33800330879734,14.204162333713475,22.35288997545355,35.145187922468736,3.981071705535702e+23
11.036212791720564,18.452106819040093,30.889669652584267,10.721307607817696,17.942416999095173,30.048218744906375,11.649655666437996,18.530460701435032,29.420158723994167,14.110250833550426,22.32753640503599,35.289128240756995,4.466835921510457e+23
10.936223426398113,18.397418563601402,30.96961887166451,10.623539069903332,17.877717120150535,30.13026970293371,11.559396029940256,18.486030359231293,29.483003777189786,14.015519460496014,22.30443396355843,35.44121628157198,5.011872336273658e+23
10.843335066259954,18.34774546831418,31.05817306041742,10.527868046603835,17.822174115466815,30.204318710410906,11.466855097299531,18.43796451881974,29.559089916526617,13.921908766381291,22.278546837398704,35.57827065601236,5.623413251904549e+23
10.749360135541638,18.301048683486215,31.13932402830874,10.429723885112747,17.766930573596603,30.280831933010887,11.376998681643412,18.38624627600008,29.632303153071607,13.833871233824363,22.251219346713725,35.73416923659024,6.30957344480313e+23
10.652728056789883,18.243309371899365,31.22475827697495,10.33903753040861,17.71643528600579,30.35574715259614,11.281621547728742,18.331442327550427,29.6988551308617,13.738168477007958,22.23173185805262,35.882922588086636,7.079457843842735e+23
10.554000332391798,18.190978194960476,31.32179544021786,10.242851140668279,17.65450135837107,30.42776790304531,11.1936210352091,18.28383542529856,29.784313859618944,13.645381234600315,22.196208424479703,36.03567594934633,7.943282347244348e+23
10.465599466675368,18.14457278552173,31.415902198727984,10.144276012177526,17.599579726403004,30.506065539408162,11.102685187123889,18.23290278774613,29.8694416409287,13.555070571696445,22.176541676307014,36.19138389824326,8.91250938133919e+23
10.37512864071935,18.088772026648346,31.50903592503337,10.051693494527852,17.5395813757235,30.59113137582786,11.010972073688247,18.19200566477734,29.935497634675908,13.466582495884136,22.153706664378056,36.33778537199777,1.0000000000001963e+24
10.27938750124516,18.035627475185194,31.59922766692318,9.960391992886738,17.483419454517776,30.66060410231379,10.921822128579837,18.13981327974261,30.01478574760824,13.375681193760265,22.12238072635568,36.47919337407362,1.1220184543021856e+24
10.184326555971047,17.982695196327562,31.6911861862556,9.869571811788283,17.423706796450773,30.74560463650757,10.834440028323105,18.08465296076991,30.102447907162972,13.286593861208361,22.093128843631007,36.609225182822826,1.2589254117944184e+24
10.096527580191248,17.932428382928258,31.79690845833558,9.78035567783307,17.37001924393632,30.827122426179386,10.746275277002248,18.037880602908295,30.167827550681622,13.20353983648966,22.069652293525536,36.74717531223605,1.4125375446230387e+24
10.009328970166885,17.88292289878415,31.87333394663914,9.685682538014243,17.316166476511384,30.915146206908485,10.659029133002456,17.99023753608084,30.25528322820093,13.12258618062831,22.0419937614506,36.88621678993991,1.584893192461435e+24
9.924468442319121,17.82965639376571,31.970995785553026,9.600022963045166,17.261523001627353,30.985204976378085,10.572974467539492,17.93246979037127,30.320344306683932,13.038596254453006,22.021288534610342,37.03395354449079,1.7782794100392865e+24
9.841686611424526,17.781385421835882,32.0719145771319,9.516456535743297,17.20938916612664,31.066193807110608,10.487144205982766,17.877681684040184,30.384232575017624,12.954986818327992,22.000823876018288,37.19788060289217,1.9952623149692908e+24
9.756142847121211,17.73417654303472,32.172231109860135,9.430352560984906,17.155809504721386,31.144347432961467,10.406709968212601,17.83095200007486,30.46538948336466,12.871841894084175,21.976421335498834,37.35343969994471,2.2387211385688048e+24
9.666505754714374,17.68772657966449,32.269301518027355,9.342507998899526,17.099435156553326,31.232991719906085,10.321330794895154,17.77846076193572,30.533388757755574,12.789856469737918,21.953183226608004,37.49114136151029,2.511886431510106e+24
9.581096108303992,17.64342206804448,32.362194740679044,9.254990120503663,17.049344842994532,31.324152119161354,10.237542427036548,17.72842594704545,30.602235846212213,12.709200718259437,21.924753248604798,37.6327785354224,2.818382931265049e+24
9.49846524597054,17.598533797015115,32.45675843068058,9.16843522855065,16.995221037484995,31.403158036059597,10.154353281143598,17.67427709202719,30.689098728095,12.63174650778503,21.902291295165398,37.77527647730663,3.162277660169052e+24
9.415101583080943,17.55049620519569,32.54708930724809,9.083765520861892,16.943439901753862,31.47125394336405,10.072336664325356,17.62871874617278,30.764147586107057,12.55159877589946,21.872285558849182,37.916197277049484,3.548133892336515e+24
9.33487073034757,17.50263688774649,32.62774430576144,9.003736431495996,16.89463654899787,31.552618698134445,9.986252545889093,17.57713482349175,30.835780086548148,12.46857026427669,21.84194162546637,38.06368019674279,3.9810717055358323e+24
9.255632417767849,17.44402720415564,32.72526253063369,8.92083004583205,16.84102184674088,31.635103148092373,9.90493823722997,17.537080613905836,30.906773573786065,12.389122138018477,21.817905473017056,38.20863309371818,4.466835921510603e+24
9.175436851221606,17.38025635597849,32.83066568640811,8.842186494657408,16.78213812716529,31.727324313650065,9.824208455342049,17.495991875066125,30.98775960103593,12.310502575017262,21.79020331742609,38.35886642512428,5.011872336273822e+24
9.095928630531882,17.324303042383026,32.921546627852074,8.760253430417727,16.720063871279166,31.81026430490994,9.744065878517537,17.44656670666435,31.057702632214664,12.227223642954039,21.759255209349163,38.524308408879335,5.623413251904733e+24
9.014103167134323,17.272242966972755,33.02224680804365,8.683017692411267,16.662033865984846,31.89429095845051,9.663393795203264,17.402793492690495,31.132543802321212,12.143630923046807,21.73143245918321,38.677913770297295,6.309573444803336e+24
8.940689376229574,17.225333616660727,33.128044724156254,8.606605243998175,16.60728652164546,31.978834612586684,9.585135280983872,17.34731498376855,31.21361242521932,12.058722149311375,21.699105985107213,38.83054887291686,7.079457843842966e+24
8.86074726448834,17.172029168550637,33.22816514029834,8.528279842172898,16.54949256868264,32.0575678532537,9.509340633003445,17.29761677375764,31.295451801157835,11.978163465968317,21.670237268215352,38.991955155505224,7.943282347244608e+24
8.785311340177332,17.127620705761174,33.32519638935,8.453080053045092,16.49684897699825,32.1457701644454,9.433294218641834,17.253784226141576,31.375826731905832,11.9017355995096,21.641134067063184,39.12960729691567,8.912509381339482e+24
8.71331219159143,17.078839758870448,33.42057232648982,8.379244229892937,16.4457546172503,32.230633188637135,9.355378481502019,17.20900878433501,31.457415176737328,11.823786856863753,21.61089823836457,39.28086298257935,1.000000000000229e+25
8.63602836046807,17.02877553672599,33.517160528945105,8.300437370702747,16.3950210132096,32.3155710114818,9.280215746199238,17.162008906704255,31.547606247928638,11.746736645740423,21.586646478463585,39.43253222683812,1.1220184543022222e+25
8.558476188632493,16.98179381685314,33.61402788874759,8.224728951683863,16.3451706122567,32.399249916078446,9.207146231354107,17.117860338676223,31.647458931985494,11.670754872334872,21.555363829713244,39.58575343746437,1.2589254117944596e+25
8.481620446100155,16.9305898042563,33.70539324195753,8.15022440879934,16.29247935539379,32.48070748602799,9.134164936801216,17.069060681824794,31.743701519805608,11.595458197174473,21.521750266836065,39.727123312395676,1.4125375446230847e+25
8.406974129140428,16.880553753915454,33.785506059819866,8.077990935324554,16.238676366071523,32.56482896863109,9.058527405547359,17.019807387400064,31.82313501456161,11.517777584754942,21.49370315385974,39.87786387141995,1.5848931924614868e+25
8.336420596766507,16.826067244395457,33.883111136564345,8.003012920832699,16.181070215649292,32.64957384759544,8.985018416990462,16.966796680205817,31.914513984590677,11.445844399169017,21.45403734820288,40.04495145778054,1.7782794100393446e+25
8.266171557511692,16.775536448243432,33.97406550997007,7.930149569642503,16.129718257324434,32.73342105629938,8.912586463729436,16.91393126589975,31.99200716404536,11.369323552816027,21.42392806888204,40.18475178601167,1.9952623149693564e+25
8.19590627972421,16.723857610836045,34.0723124781406,7.8576695177156965,16.071155339447735,32.81091041072395,8.838886750411966,16.868604253995507,32.07058788136882,11.292244503391998,21.391989452665886,40.331283811150314,2.238721138568878e+25
8.128156414259282,16.677598319836818,34.16002178843997,7.786583685829896,16.01546717170012,32.88870407690483,8.766423577918252,16.821250499268444,32.135520268469925,11.222086553552915,21.36447974061801,40.495201958434244,2.5118864315101885e+25
8.0565855878679,16.631685118127926,34.2502723849992,7.716336310382816,15.962664841268257,32.96668240642713,8.694938419701698,16.776420360947206,32.21908723819757,11.149338762265629,21.33896367158203,40.646280641474476,2.8183829312651406e+25
7.9851284721228755,16.582945137825885,34.35379891023008,7.647036655019378,15.910134016646676,33.055180954821914,8.625815880793098,16.734426333153483,32.2990577088123,11.07506229836737,21.30860742108322,40.79966046215435,3.162277660169155e+25
7.914342845635898,16.531578813072425,34.46654772238378,7.576882814260774,15.85894279673242,33.13820595606759,8.55575190839455,16.69054121558412,32.38490810598362,11.001342105858486,21.28205052628722,40.98125558722663,3.548133892336631e+25
7.8444410844248,16.478755250223095,34.58237091607844,7.508000177140475,15.811461702341035,33.233402886745125,8.48641002328488,16.644845745906494,32.477422276237995,10.928288417006264,21.260245746682912,41.140200335960174,3.981071705535962e+25
7.7782520952325465,16.434405605399895,34.68652195897436,7.439499490960902,15.758196421419226,33.32045958591698,8.417546592858114,16.596091262771534,32.56005822406523,10.856543554393625,21.230470958914683,41.299596230782335,4.466835921510749e+25
7.708077776233891,16.39014258964493,34.78480453465084,7.371993127153082,15.7042469771204,33.41560716548529,8.348956144299121,16.55294056235344,32.637469606114536,10.786304199847484,21.20886966664213,41.453816893460086,5.011872336273986e+25
7.639405363672625,16.342564607300034,34.88989388317963,7.304951026725292,15.653112770863855,33.50375638619572,8.281140990238928,16.514906089000434,32.714400424833336,10.71460186747942,21.184061921626707,41.59718285676623,5.623413251904916e+25
7.57212976648769,16.296688645663515,34.99021762758421,7.2376537273170385,15.60376182575338,33.59034993213901,8.213876670922705,16.469359994343804,32.79216965696154,10.644862795498705,21.15034754433094,41.762264742557655,6.309573444803543e+25
7.502274262984163,16.24742979612408,35.08084185130778,7.172653816435181,15.55434258246321,33.67734020666498,8.14715871214526,16.424352229817053,32.87420597906936,10.57165724290724,21.12019836530651,41.92591738979931,7.079457843843198e+25
7.438774213832643,16.192352459717853,35.17862208308067,7.107875179155554,15.502444358280709,33.75414619930179,8.081127478281068,16.377680017268123,32.96139662042528,10.499255206805454,21.092147378381526,42.09021141008606,7.943282347244869e+25
7.376625395692729,16.141665968962123,35.276003989865984,7.04330341486882,15.45215767010368,33.83121438347768,8.016418260992834,16.33321536606665,33.05475467614228,10.430432254402346,21.061231935139496,42.263366560548825,8.912509381339773e+25
7.313492931675058,16.089503201484312,35.38600214601706,6.979370693741952,15.403304435101571,33.91925892958306,7.953576353945137,16.29219687436472,33.13947751934037,10.36385713020936,21.035149055995205,42.419362700440296,1.0000000000002617e+26
7.2492602362160765,16.041158524296016,35.49188634952752,6.916018295952833,15.350024195270215,34.002432253378224,7.888767342402275,16.249404035109713,33.225261220948205,10.295676007120505,21.0152832476918,42.58789804931605,1.122018454302259e+26
7.185591747513614,15.992309591470889,35.579149873417194,6.8516074459877645,15.298753520256648,34.08587589752724,7.823459496500243,16.204690824769575,33.313684656690754,10.230234866005597,20.98963257947095,42.75075288241528,1.2589254117945009e+26
7.123845008627724,15.946068752318816,35.669603787632795,6.786918687483742,15.245742783031764,34.16593741618168,7.758724413586422,16.158926520474502,33.40225875824245,10.16521566270416,20.968206092593558,42.93312423058913,1.412537544623131e+26
7.059787653851418,15.897384283241923,35.76708794074818,6.725858638560417,15.186394096547104,34.26849598253302,7.697430332459755,16.117535301215586,33.48560773498772,10.096676178909417,20.94169953368317,43.11165554451602,1.5848931924615386e+26
7.000803480552922,15.848357638730858,35.875329510703345,6.66602918278236,15.134578451884973,34.34258873430892,7.636987661807281,16.075535001189913,33.56750234982387,10.029826190999392,20.91966959077932,43.278645832830684,1.7782794100394027e+26
6.942313292215743,15.801852072263577,35.98242578612293,6.606731958296003,15.081284333576185,34.425134285941404,7.577793049291146,16.03274829603537,33.668453001462524,9.962692754586836,20.890449419837147,43.44708086785996,1.9952623149694213e+26
6.88406224675278,15.757788705322504,36.089292444180764,6.546254665141859,15.036015219026751,34.51684572042679,7.517250109905038,15.986781205923915,33.758893851115275,9.896299323574555,20.863841785853477,43.629358852570164,2.2387211385689513e+26
6.825513769779603,15.715663595810824,36.196476508860066,6.4851379986788285,14.990037956336199,34.60327891818699,7.458167943871045,15.938853779662763,33.848525676320534,9.834541030987916,20.83560888624008,43.830005739830376,2.5118864315102705e+26
6.76746324692584,15.669904470110401,36.30387368102625,6.427515923614383,14.942174590394867,34.6823115173014,7.400956222555809,15.896064817940537,33.932598551063684,9.773576587433563,20.814473103207277,44.00270967538831,2.818382931265233e+26
6.709906443068863,15.621052493564612,36.40910174311278,6.371337604031943,14.891472428228617,34.76152532729816,7.341072753751491,15.851120870748847,34.012510031925075,9.708319880778708,20.796503345812695,44.19002940240768,3.1622776601692586e+26
6.649364751814893,15.576203438416162,36.50780948073723,6.314336712423723,14.842842405347618,34.84872403186969,7.281741104783103,15.810134252568421,34.094906135965886,9.643428814972063,20.769109301607877,44.36548676205784,3.548133892336747e+26
6.589238056783049,15.530685433693701,36.613872341143036,6.258958675328405,14.791593071145694,34.950249259758515,7.2226386605544874,15.77287088313243,34.182144711475935,9.582899720068424,20.74427647790572,44.527698162738986,3.9810717055360925e+26
6.530021966578373,15.483542315472938,36.72492745326395,6.204143875484924,14.742140623469334,35.05497941324058,7.163290683646044,15.72666702137596,34.26933947876832,9.524726663462804,20.722820672119333,44.68763182815811,4.4668359215108955e+26
6.473770450221074,15.438449569967027,36.84470451606545,6.146870106129702,14.69280195365124,35.13509426983027,7.104430366130145,15.682309091799429,34.35686359292195,9.464859833381734,20.6976550678095,44.8524329953641,5.01187233627415e+26
6.418357281593698,15.396345715111227,36.954386841647825,6.0898461687418415,14.644850919008961,35.21463565533516,7.046240228380911,15.63373656917459,34.445627210270565,9.404856508364254,20.6660661327232,45.03251522568094,5.623413251905101e+26
6.363418437547071,15.352287847701637,37.062863077606174,6.037150562268066,14.600646838605208,35.29435715224786,6.99018190494085,15.58655974923603,34.53343222446558,9.347508543019012,20.642830590393586,45.21332050225131,6.30957344480375e+26
6.308140113555869,15.308942662502718,37.17270710503424,5.985233045406063,14.550062011698907,35.398186990883936,6.935264871735714,15.544376233312597,34.62372422320414,9.290917694935702,20.6178899863964,45.39155602298795,7.07945784384343e+26
6.254470367040839,15.261670838101837,37.28296533593192,5.931262969888891,14.49998623318599,35.4847545725941,6.879319736611814,15.499688465530568,34.71590226797172,9.233547912417741,20.59079891756413,45.576873763901936,7.943282347245129e+26
6.201020910133826,15.217634439340028,37.393139495580314,5.876875884100106,14.450890870194034,35.588059653428125,6.824361801874501,15.45591538785286,34.80945269810778,9.175961585598419,20.56768094092601,45.76010369947065,8.912509381340065e+26
6.148082538741528,15.17253008558425,37.49745145911572,5.822782589655451,14.398945571136846,35.698219295807526,6.77070876060119,15.415036808418607,34.90199160110456,9.118070236354672,20.54021921404325,45.94383030951488,1.0000000000002945e+27
6.096243657136594,15.130480910034269,37.60404284019588,5.769367527376753,14.351861317284147,35.80590229019604,6.718803615686328,15.375261968285386,34.98976817608905,9.060442675640422,20.519985422936948,46.12754371682591,1.1220184543022957e+27
6.043142742058257,15.0887098115976,37.72668496686426,5.716290156050483,14.30977381046462,35.89186709775264,6.667216880355399,15.332404016792943,35.079823573696096,9.001564372992725,20.492455385209915,46.30917073633537,1.2589254117945422e+27
5.989865987547906,15.045374973619339,37.844131730325074,5.663852063999772,14.262098991487008,35.97581345268632,6.614328285923195,15.292155289414538,35.16901732317982,8.943719225691543,20.45955853311579,46.49712622383315,1.412537544623177e+27
5.938189522447323,15.004712757411632,37.96562576242966,5.614415166819239,14.221374556732012,36.08009887401478,6.561092105619689,15.245143452103317,35.25722913662562,8.887531573947296,20.432853484869845,46.69186770641787,1.5848931924615906e+27
5.886346813100078,14.964922936407888,38.08611632893583,5.565921118737295,14.17804513859696,36.18947105846752,6.508595256154568,15.198544802283536,35.343087572326624,8.829507766852231,20.41156788495106,46.890248072789696,1.778279410039461e+27
5.834456956775632,14.9271548171982,38.20178707406161,5.5160188189998305,14.136392920229675,36.29899874172618,6.4557676778929665,15.157001238135486,35.43197348187914,8.771789099409457,20.385296436937193,47.089343974101176,1.9952623149694867e+27
5.78302453334574,14.887527212546297,38.30278709180706,5.465088426036399,14.094863067799594,36.39334314100536,6.403752668434632,15.117886733108765,35.5210829351053,8.714319815075216,20.359686057213036,47.28736825667786,2.2387211385690245e+27
5.732045510251551,14.845925603991295,38.41549569963475,5.415211471092531,14.04846836021565,36.487466267091946,6.351874120347745,15.078448818586072,35.61026785558614,8.656657406061758,20.334774775860364,47.46648453327122,2.5118864315103525e+27
5.68151589048445,14.806613466688125,38.52072558774507,5.365378473855548,14.005838556488289,36.582121156204714,6.300514653530087,15.038300730086961,35.69669528252924,8.60067361065215,20.308843104362538,47.63544346984242,2.8183829312653255e+27
5.631513385469678,14.768248652239386,38.629482116483615,5.316004066168832,13.963784743285675,36.683112810588796,6.249689414345415,14.99470294659525,35.78975818592523,8.548165857540834,20.280236141371823,47.82216142532508,3.1622776601693623e+27
5.582153166645271,14.727277846289615,38.737819526900026,5.267084027794701,13.92193106284245,36.771298739216824,6.199373110145608,14.948507168573034,35.879767450029355,8.4916995655408,20.250865403790087,48.01416738951845,3.548133892336863e+27
5.532684899841933,14.684085173012459,38.85036651794349,5.218614177333348,13.879639419958245,36.866399365239836,6.1497827671699845,14.903472401803121,35.9699936992614,8.4366582193761,20.22191970526869,48.20729198392519,3.981071705536223e+27
5.485775693550097,14.64044950220387,38.970779403899826,5.170590371865399,13.840228699863038,36.962619143598076,6.101154445820943,14.858297391266733,36.05975380549579,8.381639494293307,20.190818231617712,48.41860200290609,4.466835921511042e+27
5.439411603147816,14.596804314616849,39.08239538387964,5.123239724898055,13.796909882231814,37.058733062431294,6.052042679575719,14.817558087367921,36.14466354218025,8.328364267915456,20.16450556993283,48.630838784001355,5.011872336274314e+27
5.3914890144308805,14.55480098442829,39.200948368138576,5.076819825368297,13.7520772273597,37.152944126201135,6.005087983494502,14.777082496602421,36.22953214814497,8.273977334625362,20.14278675136168,48.85016028783318,5.623413251905285e+27
5.343988635849357,14.512083344054421,39.31687957339189,5.031606262805178,13.7006284239227,37.24512019528851,5.957710152267316,14.733942617365898,36.31432502602069,8.218278369598933,20.119235026942306,49.047207503203474,6.309573444803956e+27
5.296136515622761,14.468010363828586,39.4166989308128,4.984938799947396,13.656996529373163,37.34857428958738,5.910809189977199,14.695091707975472,36.41666333271008,8.164707423589121,20.09667633963886,49.237793067229575,7.079457843843661e+27
5.249509446549692,14.424037964170545,39.51968213246368,4.939316663510224,13.609393270903436,37.44534589532598,5.86302938180756,14.657871137819097,36.505770908971385,8.11257478776498,20.07497174756384,49.45068682358772,7.943282347245388e+27
5.2034577369401545,14.383055686251794,39.64313305496725,4.892955953251739,13.560551171180505,37.54127241951682,5.81587099188449,14.618436071519596,36.60765830202027,8.062308607249282,20.050682661101238,49.651455293890955,8.912509381340357e+27
